term,reading,category,tags,short_def,definition,related_terms,legal_basis,importance,explanation,article_title,article_lead,term_detail_body,exam_points,common_mistakes,memory_tip,example_question,example_answer,faq_1_question,faq_1_answer,faq_2_question,faq_2_answer,slug
A測定・B測定・C測定,（読み未登録）,関係法令,第二種衛生管理者,A測定・B測定・C測定,A測定・B測定・C測定,,,A,A測定・B測定・C測定,A測定・B測定・C測定とは？目的と違いを完全整理【第二種衛生管理者試験】,A測定・B測定・C測定,A測定・B測定・C測定,,,,,,,,,,a-b-c-sokutei
A特性騒音レベル,（読み未登録）,労働衛生,第二種衛生管理者,人の聴感に近づけるための補正を施した騒音レベルです。騒音測定の基本用語として頻出です。,人の聴感に近づけるための補正を施した騒音レベルです。騒音測定の基本用語として頻出です。,,,A,人の聴感に近づけるための補正を施した騒音レベルです。騒音測定の基本用語として頻出です。,A特性騒音レベルとは？騒音測定・評価量との関係【第二種衛生管理者試験】,人の聴感に近づけるための補正を施した騒音レベルです。騒音測定の基本用語として頻出です。,人の聴感に近づけるための補正を施した騒音レベルです。騒音測定の基本用語として頻出です。,,,,,,,,,,a-tokusei-soryo-on
エアラインマスク,（読み未登録）,労働衛生,第二種衛生管理者,外部から清浄空気を送る呼吸用保護具の一種です。送気マスクとセットで整理します。,外部から清浄空気を送る呼吸用保護具の一種です。送気マスクとセットで整理します。,,,A,外部から清浄空気を送る呼吸用保護具の一種です。送気マスクとセットで整理します。,エアラインマスクとは？送気マスク・ホース供給【第二種衛生管理者試験】,外部から清浄空気を送る呼吸用保護具の一種です。送気マスクとセットで整理します。,外部から清浄空気を送る呼吸用保護具の一種です。送気マスクとセットで整理します。,,,,,,,,,,airline-mask
ALARA,（読み未登録）,関係法令,第二種衛生管理者,ALARA,ALARA,,,A,ALARA,ALARAとは？放射線防護の三原則（時間・距離・遮蔽）と合わせて整理【第二種衛生管理者試験】,ALARA,ALARA,,,,,,,,,,alara
安全衛生改善計画,（読み未登録）,関係法令,第二種衛生管理者,作業環境の改善や事故防止のため、事業者が策定・実施する計画です。管理体制とセットで問われます。,作業環境の改善や事故防止のため、事業者が策定・実施する計画です。管理体制とセットで問われます。,,,A,作業環境の改善や事故防止のため、事業者が策定・実施する計画です。管理体制とセットで問われます。,安全衛生改善計画とは？策定・実施・記録【第二種衛生管理者試験】,作業環境の改善や事故防止のため、事業者が策定・実施する計画です。管理体制とセットで問われます。,作業環境の改善や事故防止のため、事業者が策定・実施する計画です。管理体制とセットで問われます。,,,,,,,,,,anzen-eisei-kaizen-keikaku
安全衛生管理体制,（読み未登録）,関係法令,第二種衛生管理者,安全衛生管理体制,安全衛生管理体制,,,A,安全衛生管理体制,安全衛生管理体制とは？役職の全体像と相互関係を整理【第二種衛生管理者試験】,安全衛生管理体制,安全衛生管理体制,,,,,,,,,,anzen-eisei-kanri-taisei
安全衛生規程,（読み未登録）,関係法令,第二種衛生管理者,事業場の安全衛生上のルールを定めた規程です。作成義務と周知が問われます。,事業場の安全衛生上のルールを定めた規程です。作成義務と周知が問われます。,,,A,事業場の安全衛生上のルールを定めた規程です。作成義務と周知が問われます。,安全衛生規程とは？作成・周知・記録【第二種衛生管理者試験】,事業場の安全衛生上のルールを定めた規程です。作成義務と周知が問われます。,事業場の安全衛生上のルールを定めた規程です。作成義務と周知が問われます。,,,,,,,,,,anzen-eisei-kitei
安全衛生教育の実施記録・保存期間,（読み未登録）,関係法令,第二種衛生管理者,安全衛生教育の実施記録・保存期間,安全衛生教育の実施記録・保存期間,,,A,安全衛生教育の実施記録・保存期間,安全衛生教育の実施記録・保存期間を完全整理【第二種衛生管理者試験】,安全衛生教育の実施記録・保存期間,安全衛生教育の実施記録・保存期間,,,,,,,,,,anzen-eisei-kyoiku-kiroku
安全衛生教育,（読み未登録）,関係法令,第二種衛生管理者,労働者に対して、職種や作業内容に応じた安全衛生の知識・技能を身につけさせるための教育です。対象者（職長、新規雇入れ、特別教育が必要な作業など）ごとに、科目や時間、記録の残し方が規定されています。現場では「やったつもり」になりやすい領域なので,労働者に対して、職種や作業内容に応じた安全衛生の知識・技能を身につけさせるための教育です。対象者（職長、新規雇入れ、特別教育が必要な作業など）ごとに、科目や時間、記録の残し方が規定されています。現場では「やったつもり」になりやすい領域なので、試験でも実施漏れや記録不備が肢になりやすく、チェックリストで確認するのが近道です。,,,A,労働者に対して、職種や作業内容に応じた安全衛生の知識・技能を身につけさせるための教育です。対象者（職長、新規雇入れ、特別教育が必要な作業など）ごとに、科目や時間、記録の残し方が規定されています。現場では「やったつもり」になりやすい領域なので、試験でも実施漏れや記録不備が肢になりやすく、チェックリストで確認するのが近道です。,安全衛生教育とは？種類・対象者・実施時期・記録【第二種衛生管理者試験】,労働者に対して、職種や作業内容に応じた安全衛生の知識・技能を身につけさせるための教育です。対象者（職長、新規雇入れ、特別教育が必要な作業など）ごとに、科目や時間、記録の残し方が規定されています。現場では「やったつもり」になりやすい領域なので、試験でも実施漏れや記録不備が肢になりやすく、チェックリストで確認するのが近道です。,労働者に対して、職種や作業内容に応じた安全衛生の知識・技能を身につけさせるための教育です。対象者（職長、新規雇入れ、特別教育が必要な作業など）ごとに、科目や時間、記録の残し方が規定されています。現場では「やったつもり」になりやすい領域なので、試験でも実施漏れや記録不備が肢になりやすく、チェックリストで確認するのが近道です。,,,,,,,,,,anzen-eisei-kyoiku
安全委員会,（読み未登録）,関係法令,第二種衛生管理者,一定規模以上の事業場で、安全に関する協議を行う委員会です。衛生委員会とは設置要件・対象業種が異なります。,一定規模以上の事業場で、安全に関する協議を行う委員会です。衛生委員会とは設置要件・対象業種が異なります。,,,A,一定規模以上の事業場で、安全に関する協議を行う委員会です。衛生委員会とは設置要件・対象業種が異なります。,安全委員会とは？設置要件・衛生委員会との違い【第二種衛生管理者試験】,一定規模以上の事業場で、安全に関する協議を行う委員会です。衛生委員会とは設置要件・対象業種が異なります。,一定規模以上の事業場で、安全に関する協議を行う委員会です。衛生委員会とは設置要件・対象業種が異なります。,,,,,,,,,,anzen-iinkai
安全管理者,（読み未登録）,関係法令,第二種衛生管理者,安全管理者,安全管理者,,,A,安全管理者,安全管理者とは？選任要件・業種・職務を完全整理【第二種衛生管理者試験】,安全管理者,安全管理者,,,,,,,,,,anzen-kanrisha
ベンゼン,（読み未登録）,労働生理,第二種衛生管理者,発がん性などが知られる芳香族炭化水素です。特別管理物質の代表例として整理します。,発がん性などが知られる芳香族炭化水素です。特別管理物質の代表例として整理します。,,,A,発がん性などが知られる芳香族炭化水素です。特別管理物質の代表例として整理します。,ベンゼンとは？特定化学物質・造血器への影響【第二種衛生管理者試験】,発がん性などが知られる芳香族炭化水素です。特別管理物質の代表例として整理します。,発がん性などが知られる芳香族炭化水素です。特別管理物質の代表例として整理します。,,,,,,,,,,benzene
防護衣,（読み未登録）,労働衛生,第二種衛生管理者,皮膚へのばく露を防ぐ保護具です。化学物質の性状に応じた選定が重要です。,皮膚へのばく露を防ぐ保護具です。化学物質の性状に応じた選定が重要です。,,,A,皮膚へのばく露を防ぐ保護具です。化学物質の性状に応じた選定が重要です。,防護衣とは？化学防護服・皮膚保護・選定【第二種衛生管理者試験】,皮膚へのばく露を防ぐ保護具です。化学物質の性状に応じた選定が重要です。,皮膚へのばく露を防ぐ保護具です。化学物質の性状に応じた選定が重要です。,,,,,,,,,,bogo-i
防護手袋,（読み未登録）,労働衛生,第二種衛生管理者,手の皮膚を守る保護具です。物質による浸透・貫通の違いが試験に出ます。,手の皮膚を守る保護具です。物質による浸透・貫通の違いが試験に出ます。,,,A,手の皮膚を守る保護具です。物質による浸透・貫通の違いが試験に出ます。,防護手袋とは？浸透・破れ・皮膚吸収対策【第二種衛生管理者試験】,手の皮膚を守る保護具です。物質による浸透・貫通の違いが試験に出ます。,手の皮膚を守る保護具です。物質による浸透・貫通の違いが試験に出ます。,,,,,,,,,,bogo-tebukuro
防毒マスク,（読み未登録）,労働衛生,第二種衛生管理者,吸着缶などで有害物質を除去する呼吸用保護具です。物質・濃度に応じた選定が重要です。,吸着缶などで有害物質を除去する呼吸用保護具です。物質・濃度に応じた選定が重要です。,,,A,吸着缶などで有害物質を除去する呼吸用保護具です。物質・濃度に応じた選定が重要です。,防毒マスクとは？送気マスクとの違い・選定の要点【第二種衛生管理者試験】,吸着缶などで有害物質を除去する呼吸用保護具です。物質・濃度に応じた選定が重要です。,吸着缶などで有害物質を除去する呼吸用保護具です。物質・濃度に応じた選定が重要です。,,,,,,,,,,boudoku-masuk
カルボキシヘモグロビン（COHb）,（読み未登録）,関係法令,第二種衛生管理者,カルボキシヘモグロビン（COHb）,カルボキシヘモグロビン（COHb）,,,A,カルボキシヘモグロビン（COHb）,カルボキシヘモグロビン（COHb）とは？一酸化炭素中毒のメカニズムを整理【第二種衛生管理者試験】,カルボキシヘモグロビン（COHb）,カルボキシヘモグロビン（COHb）,,,,,,,,,,carboxy-hemoglobin
置換換気,（読み未登録）,労働衛生,第二種衛生管理者,室内空気をきれいな外気で置き換える換気方式です。希釈換気・確保換気との違いが問われます。,室内空気をきれいな外気で置き換える換気方式です。希釈換気・確保換気との違いが問われます。,,,A,室内空気をきれいな外気で置き換える換気方式です。希釈換気・確保換気との違いが問われます。,置換換気とは？全面換気・確保換気との違い【第二種衛生管理者試験】,室内空気をきれいな外気で置き換える換気方式です。希釈換気・確保換気との違いが問われます。,室内空気をきれいな外気で置き換える換気方式です。希釈換気・確保換気との違いが問われます。,,,,,,,,,,chikan-kanki
直接読み取り式測定,（読み未登録）,労働衛生,第二種衛生管理者,捕集して後分析するのではなく、測定器がその場で濃度を示す方法です。手軽で即時性がある反面、測定できる物質や濃度域が機器に依存します。試験では捕集分析法との違い（精度・即時性・対象物質）が比較問題になりやすいので、「いつ直接読み取りが向くか」,捕集して後分析するのではなく、測定器がその場で濃度を示す方法です。手軽で即時性がある反面、測定できる物質や濃度域が機器に依存します。試験では捕集分析法との違い（精度・即時性・対象物質）が比較問題になりやすいので、「いつ直接読み取りが向くか」を文章で言えるとよいです。,,,A,捕集して後分析するのではなく、測定器がその場で濃度を示す方法です。手軽で即時性がある反面、測定できる物質や濃度域が機器に依存します。試験では捕集分析法との違い（精度・即時性・対象物質）が比較問題になりやすいので、「いつ直接読み取りが向くか」を文章で言えるとよいです。,直接読み取り式測定とは？検知管・光電光度計・捕集分析法との比較を整理【第二種衛生管理者試験】,捕集して後分析するのではなく、測定器がその場で濃度を示す方法です。手軽で即時性がある反面、測定できる物質や濃度域が機器に依存します。試験では捕集分析法との違い（精度・即時性・対象物質）が比較問題になりやすいので、「いつ直接読み取りが向くか」を文章で言えるとよいです。,捕集して後分析するのではなく、測定器がその場で濃度を示す方法です。手軽で即時性がある反面、測定できる物質や濃度域が機器に依存します。試験では捕集分析法との違い（精度・即時性・対象物質）が比較問題になりやすいので、「いつ直接読み取りが向くか」を文章で言えるとよいです。,,,,,,,,,,chokusetsu-yomitori-sokutei
聴力保護具（耳栓・耳当て）,（読み未登録）,関係法令,第二種衛生管理者,聴力保護具（耳栓・耳当て）,聴力保護具（耳栓・耳当て）,,,A,聴力保護具（耳栓・耳当て）,聴力保護具（耳栓・耳当て）とは？遮音値・選定・工程対策との優先を整理【第二種衛生管理者試験】,聴力保護具（耳栓・耳当て）,聴力保護具（耳栓・耳当て）,,,,,,,,,,choryoku-hogo-gu
聴力レベル,（読み未登録）,労働生理,第二種衛生管理者,健康診断の聴力検査で用いる指標です。騒音性難聴の判定に関係します。,健康診断の聴力検査で用いる指標です。騒音性難聴の判定に関係します。,,,A,健康診断の聴力検査で用いる指標です。騒音性難聴の判定に関係します。,聴力レベルとは？聴力検査・騒音性難聴【第二種衛生管理者試験】,健康診断の聴力検査で用いる指標です。騒音性難聴の判定に関係します。,健康診断の聴力検査で用いる指標です。騒音性難聴の判定に関係します。,,,,,,,,,,choryoku-level
長時間労働者面接指導,（読み未登録）,関係法令,第二種衛生管理者,長時間労働者面接指導,長時間労働者面接指導,,,A,長時間労働者面接指導,長時間労働者面接指導とは？対象要件・実施者・記録を完全整理【第二種衛生管理者試験】,長時間労働者面接指導,長時間労働者面接指導,,,,,,,,,,choujikan-rodo-mensetu
長時間労働者面接指導：産業医・衛生管理者の役割分担,（読み未登録）,関係法令,第二種衛生管理者,長時間労働者面接指導：産業医・衛生管理者の役割分担,長時間労働者面接指導：産業医・衛生管理者の役割分担,,,A,長時間労働者面接指導：産業医・衛生管理者の役割分担,長時間労働者面接指導：産業医・衛生管理者の役割分担を整理【第二種衛生管理者試験】,長時間労働者面接指導：産業医・衛生管理者の役割分担,長時間労働者面接指導：産業医・衛生管理者の役割分担,,,,,,,,,,choukan-rodo-mensetu-shishin
第一種衛生管理者,（読み未登録）,関係法令,第二種衛生管理者,第一種衛生管理者,第一種衛生管理者,,,A,第一種衛生管理者,第一種衛生管理者とは？第二種との違いと対象業種【第二種衛生管理者試験】,第一種衛生管理者,第一種衛生管理者,,,,,,,,,,dai1shu-eisei-kanrisha
第1種有機溶剤,（読み未登録）,関係法令,第二種衛生管理者,有機溶剤中毒予防規則で区分される溶剤の一つです。区分ごとに局所排気・作業環境評価・作業主任者などの義務が変わります。,有機溶剤中毒予防規則で区分される溶剤の一つです。区分ごとに局所排気・作業環境評価・作業主任者などの義務が変わります。,,,A,有機溶剤中毒予防規則で区分される溶剤の一つです。区分ごとに局所排気・作業環境評価・作業主任者などの義務が変わります。,第1種有機溶剤とは？特別有機溶剤等・第2種との義務の違い【第二種衛生管理者試験】,有機溶剤中毒予防規則で区分される溶剤の一つです。区分ごとに局所排気・作業環境評価・作業主任者などの義務が変わります。,有機溶剤中毒予防規則で区分される溶剤の一つです。区分ごとに局所排気・作業環境評価・作業主任者などの義務が変わります。,,,,,,,,,,dai1shu-yuki-yozai
第二種衛生管理者,（読み未登録）,関係法令,第二種衛生管理者,第二種衛生管理者,第二種衛生管理者,,,A,第二種衛生管理者,第二種衛生管理者とは？選任できる業種と第一種との違い【第二種衛生管理者試験】,第二種衛生管理者,第二種衛生管理者,,,,,,,,,,dai2shu-eisei-kanrisha
第2種有機溶剤,（読み未登録）,関係法令,第二種衛生管理者,有機溶剤の区分の一つで、使用量や物質により適用される義務が第1種・特別有機溶剤等と異なります。,有機溶剤の区分の一つで、使用量や物質により適用される義務が第1種・特別有機溶剤等と異なります。,,,A,有機溶剤の区分の一つで、使用量や物質により適用される義務が第1種・特別有機溶剤等と異なります。,第2種有機溶剤とは？作業環境評価・局所排気の義務【第二種衛生管理者試験】,有機溶剤の区分の一つで、使用量や物質により適用される義務が第1種・特別有機溶剤等と異なります。,有機溶剤の区分の一つで、使用量や物質により適用される義務が第1種・特別有機溶剤等と異なります。,,,,,,,,,,dai2shu-yuki-yozai
第3種有機溶剤,（読み未登録）,関係法令,第二種衛生管理者,有機溶剤区分の一つです。特別・第1種・第2種とあわせて義務の差を表で整理します。,有機溶剤区分の一つです。特別・第1種・第2種とあわせて義務の差を表で整理します。,,,A,有機溶剤区分の一つです。特別・第1種・第2種とあわせて義務の差を表で整理します。,第3種有機溶剤とは？区分と義務の違い【第二種衛生管理者試験】,有機溶剤区分の一つです。特別・第1種・第2種とあわせて義務の差を表で整理します。,有機溶剤区分の一つです。特別・第1種・第2種とあわせて義務の差を表で整理します。,,,,,,,,,,dai3shu-yuki-yozai
ダクトの圧力損失,（読み未登録）,関係法令,第二種衛生管理者,ダクトの圧力損失,ダクトの圧力損失,,,A,ダクトの圧力損失,ダクトの圧力損失とは？局所排気設計への影響を整理【第二種衛生管理者試験】,ダクトの圧力損失,ダクトの圧力損失,,,,,,,,,,dakt-atsuryoku-sonshitsu
電離放射線障害防止規則,（読み未登録）,関係法令,第二種衛生管理者,放射線業務で、被ばくを管理し健康障害を防ぐための規則です。管理区域の設定、線量の限度、教育、記録などが中心語になります。医療や工業利用など幅は広いですが、試験では「管理区域とは何か」「線量限度の考え方」など、用語の定義寄りから入ることが多い,放射線業務で、被ばくを管理し健康障害を防ぐための規則です。管理区域の設定、線量の限度、教育、記録などが中心語になります。医療や工業利用など幅は広いですが、試験では「管理区域とは何か」「線量限度の考え方」など、用語の定義寄りから入ることが多いので、まず言葉の意味を文章で説明できるようにするのが近道です。,,,A,放射線業務で、被ばくを管理し健康障害を防ぐための規則です。管理区域の設定、線量の限度、教育、記録などが中心語になります。医療や工業利用など幅は広いですが、試験では「管理区域とは何か」「線量限度の考え方」など、用語の定義寄りから入ることが多いので、まず言葉の意味を文章で説明できるようにするのが近道です。,電離放射線障害防止規則とは？管理区域・線量限度・教育・記録を整理【第二種衛生管理者試験】,放射線業務で、被ばくを管理し健康障害を防ぐための規則です。管理区域の設定、線量の限度、教育、記録などが中心語になります。医療や工業利用など幅は広いですが、試験では「管理区域とは何か」「線量限度の考え方」など、用語の定義寄りから入ることが多いので、まず言葉の意味を文章で説明できるようにするのが近道です。,放射線業務で、被ばくを管理し健康障害を防ぐための規則です。管理区域の設定、線量の限度、教育、記録などが中心語になります。医療や工業利用など幅は広いですが、試験では「管理区域とは何か」「線量限度の考え方」など、用語の定義寄りから入ることが多いので、まず言葉の意味を文章で説明できるようにするのが近道です。,,,,,,,,,,denri-hoshasen-shogai-yobo
電離放射線,（読み未登録）,労働生理,第二種衛生管理者,放射線が細胞や分子に電離作用を起こし、傷をつける性質を利用・管理する分野です。健康影響には、線量が高いと確実に起きる確定的影響（皮膚炎など）と、確率が上がる確率的影響（がんなど）という整理が学習の定番です。試験では言葉の定義と、管理の考え方,放射線が細胞や分子に電離作用を起こし、傷をつける性質を利用・管理する分野です。健康影響には、線量が高いと確実に起きる確定的影響（皮膚炎など）と、確率が上がる確率的影響（がんなど）という整理が学習の定番です。試験では言葉の定義と、管理の考え方（ALARAなど）がセットで出ます。,,,A,放射線が細胞や分子に電離作用を起こし、傷をつける性質を利用・管理する分野です。健康影響には、線量が高いと確実に起きる確定的影響（皮膚炎など）と、確率が上がる確率的影響（がんなど）という整理が学習の定番です。試験では言葉の定義と、管理の考え方（ALARAなど）がセットで出ます。,電離放射線とは？種類・人体への影響・管理の基本を整理【第二種衛生管理者試験】,放射線が細胞や分子に電離作用を起こし、傷をつける性質を利用・管理する分野です。健康影響には、線量が高いと確実に起きる確定的影響（皮膚炎など）と、確率が上がる確率的影響（がんなど）という整理が学習の定番です。試験では言葉の定義と、管理の考え方（ALARAなど）がセットで出ます。,放射線が細胞や分子に電離作用を起こし、傷をつける性質を利用・管理する分野です。健康影響には、線量が高いと確実に起きる確定的影響（皮膚炎など）と、確率が上がる確率的影響（がんなど）という整理が学習の定番です。試験では言葉の定義と、管理の考え方（ALARAなど）がセットで出ます。,,,,,,,,,,denri-hoshasen
衛生委員会,（読み未登録）,関係法令,第二種衛生管理者,衛生委員会,衛生委員会,,,A,衛生委員会,衛生委員会とは？設置要件・構成員・開催頻度【第二種衛生管理者試験】,衛生委員会,衛生委員会,,,,,,,,,,eisei-iinkai
衛生管理者の職務・専任・巡視,（読み未登録）,関係法令,第二種衛生管理者,衛生管理者の職務・専任・巡視,衛生管理者の職務・専任・巡視,,,A,衛生管理者の職務・専任・巡視,衛生管理者の職務・専任・巡視を完全整理【第二種衛生管理者試験】,衛生管理者の職務・専任・巡視,衛生管理者の職務・専任・巡視,,,,,,,,,,eisei-kanrisha-shokumu
衛生管理者,（読み未登録）,関係法令,第二種衛生管理者,事業所で「労働衛生の面を専門的に管理する人」として、事業者が法令にのっとって選任する役職です。安全衛生の計画・実施・点検や、有害作業の管理、健康診断の実施支援など、現場の衛生面の中心になります。常勤かどうか・選任の人数・資格区分（第一種・第,事業所で「労働衛生の面を専門的に管理する人」として、事業者が法令にのっとって選任する役職です。安全衛生の計画・実施・点検や、有害作業の管理、健康診断の実施支援など、現場の衛生面の中心になります。常勤かどうか・選任の人数・資格区分（第一種・第二種など）は、事業場の規模や業種によって決まるので、条文では「いつ必要になるか」「誰ができるか」をセットで押さえると混乱しにくいです。,,,A,事業所で「労働衛生の面を専門的に管理する人」として、事業者が法令にのっとって選任する役職です。安全衛生の計画・実施・点検や、有害作業の管理、健康診断の実施支援など、現場の衛生面の中心になります。常勤かどうか・選任の人数・資格区分（第一種・第二種など）は、事業場の規模や業種によって決まるので、条文では「いつ必要になるか」「誰ができるか」をセットで押さえると混乱しにくいです。,衛生管理者とは？選任要件・人数・第一種と第二種の違い【第二種衛生管理者試験】,事業所で「労働衛生の面を専門的に管理する人」として、事業者が法令にのっとって選任する役職です。安全衛生の計画・実施・点検や、有害作業の管理、健康診断の実施支援など、現場の衛生面の中心になります。常勤かどうか・選任の人数・資格区分（第一種・第二種など）は、事業場の規模や業種によって決まるので、条文では「いつ必要になるか」「誰ができるか」をセットで押さえると混乱しにくいです。,事業所で「労働衛生の面を専門的に管理する人」として、事業者が法令にのっとって選任する役職です。安全衛生の計画・実施・点検や、有害作業の管理、健康診断の実施支援など、現場の衛生面の中心になります。常勤かどうか・選任の人数・資格区分（第一種・第二種など）は、事業場の規模や業種によって決まるので、条文では「いつ必要になるか」「誰ができるか」をセットで押さえると混乱しにくいです。,,,,,,,,,,eisei-kanrisha
液捕集,（読み未登録）,労働衛生,第二種衛生管理者,液体に有害物質を吸収させて捕集する方法です。ガス・蒸気の測定で用いられます。,液体に有害物質を吸収させて捕集する方法です。ガス・蒸気の測定で用いられます。,,,A,液体に有害物質を吸収させて捕集する方法です。ガス・蒸気の測定で用いられます。,液捕集とは？ミゼット・洗気・ガス状物質【第二種衛生管理者試験】,液体に有害物質を吸収させて捕集する方法です。ガス・蒸気の測定で用いられます。,液体に有害物質を吸収させて捕集する方法です。ガス・蒸気の測定で用いられます。,,,,,,,,,,eki-hoshu
フォルマルデヒド,（読み未登録）,労働生理,第二種衛生管理者,刺激作用や感作性が知られる化学物質です。管理物質区分とGHS表示と関連します。,刺激作用や感作性が知られる化学物質です。管理物質区分とGHS表示と関連します。,,,A,刺激作用や感作性が知られる化学物質です。管理物質区分とGHS表示と関連します。,フォルマルデヒドとは？刺激・感作・管理物質【第二種衛生管理者試験】,刺激作用や感作性が知られる化学物質です。管理物質区分とGHS表示と関連します。,刺激作用や感作性が知られる化学物質です。管理物質区分とGHS表示と関連します。,,,,,,,,,,formaldehyde
フード型局所排気装置,（読み未登録）,労働衛生,第二種衛生管理者,フードで発散物質を直接捕集する局所排気の代表形式です。フードの形状・位置が捕集効率に影響します。,フードで発散物質を直接捕集する局所排気の代表形式です。フードの形状・位置が捕集効率に影響します。,,,A,フードで発散物質を直接捕集する局所排気の代表形式です。フードの形状・位置が捕集効率に影響します。,フード型局所排気装置とは？捕集効率と設置の要点【第二種衛生管理者試験】,フードで発散物質を直接捕集する局所排気の代表形式です。フードの形状・位置が捕集効率に影響します。,フードで発散物質を直接捕集する局所排気の代表形式です。フードの形状・位置が捕集効率に影響します。,,,,,,,,,,fudo-kyokuhai
粉じん障害防止規則,（読み未登録）,関係法令,第二種衛生管理者,粉じん障害防止規則,粉じん障害防止規則,,,A,粉じん障害防止規則,粉じん障害防止規則とは？対象作業・設備義務・保護具・健診を整理【第二種衛生管理者試験】,粉じん障害防止規則,粉じん障害防止規則,,,,,,,,,,funzin-shogai-boshi
不感蒸泄・発汗,（読み未登録）,関係法令,第二種衛生管理者,不感蒸泄・発汗,不感蒸泄・発汗,,,A,不感蒸泄・発汗,不感蒸泄・発汗とは？熱放散の仕組みと湿度の影響を整理【第二種衛生管理者試験】,不感蒸泄・発汗,不感蒸泄・発汗,,,,,,,,,,fushindo-hakkan
外付け型局所排気装置,（読み未登録）,労働衛生,第二種衛生管理者,発生源の外側からフード等で汚染空気を捕集する局所排気の形式です。形式ごとの特徴が試験に出ます。,発生源の外側からフード等で汚染空気を捕集する局所排気の形式です。形式ごとの特徴が試験に出ます。,,,A,発生源の外側からフード等で汚染空気を捕集する局所排気の形式です。形式ごとの特徴が試験に出ます。,外付け型局所排気装置とは？囲い型・フード型との違い【第二種衛生管理者試験】,発生源の外側からフード等で汚染空気を捕集する局所排気の形式です。形式ごとの特徴が試験に出ます。,発生源の外側からフード等で汚染空気を捕集する局所排気の形式です。形式ごとの特徴が試験に出ます。,,,,,,,,,,gaitsuke-kyokuhai
GHS（化学品の分類と表示に関する世界調和システム）,（読み未登録）,関係法令,第二種衛生管理者,GHS（化学品の分類と表示に関する世界調和システム）,GHS（化学品の分類と表示に関する世界調和システム）,,,A,GHS（化学品の分類と表示に関する世界調和システム）,GHS（化学品の分類と表示に関する世界調和システム）とは？ラベル・SDSとの関係を整理【第二種衛生管理者試験】,GHS（化学品の分類と表示に関する世界調和システム）,GHS（化学品の分類と表示に関する世界調和システム）,,,,,,,,,,ghs
技能講習,（読み未登録）,関係法令,第二種衛生管理者,危険有害作業で必要となる技能の習得講習です。作業主任者選任の要件と関連します。,危険有害作業で必要となる技能の習得講習です。作業主任者選任の要件と関連します。,,,A,危険有害作業で必要となる技能の習得講習です。作業主任者選任の要件と関連します。,技能講習とは？作業主任者・免許・資格【第二種衛生管理者試験】,危険有害作業で必要となる技能の習得講習です。作業主任者選任の要件と関連します。,危険有害作業で必要となる技能の習得講習です。作業主任者選任の要件と関連します。,,,,,,,,,,ginou-koushu
グラブサンプリング,（読み未登録）,労働衛生,第二種衛生管理者,短時間の試料を一括採取する方法です。濃度の瞬間値把握に用いられます。,短時間の試料を一括採取する方法です。濃度の瞬間値把握に用いられます。,,,A,短時間の試料を一括採取する方法です。濃度の瞬間値把握に用いられます。,グラブサンプリングとは？瞬間試料・ばく露評価【第二種衛生管理者試験】,短時間の試料を一括採取する方法です。濃度の瞬間値把握に用いられます。,短時間の試料を一括採取する方法です。濃度の瞬間値把握に用いられます。,,,,,,,,,,grab-sampling
配置転換,（読み未登録）,関係法令,第二種衛生管理者,健康上の理由から、労働者を別の作業・職場へ移すことです。じん肺や特殊健診の結果と関連します。,健康上の理由から、労働者を別の作業・職場へ移すことです。じん肺や特殊健診の結果と関連します。,,,A,健康上の理由から、労働者を別の作業・職場へ移すことです。じん肺や特殊健診の結果と関連します。,配置転換とは？健康診断・じん肺・有害業務【第二種衛生管理者試験】,健康上の理由から、労働者を別の作業・職場へ移すことです。じん肺や特殊健診の結果と関連します。,健康上の理由から、労働者を別の作業・職場へ移すことです。じん肺や特殊健診の結果と関連します。,,,,,,,,,,haichi-tenkan
排風機の静圧・特性曲線,（読み未登録）,関係法令,第二種衛生管理者,排風機の静圧・特性曲線,排風機の静圧・特性曲線,,,A,排風機の静圧・特性曲線,排風機の静圧・特性曲線とは？局所排気の風量管理を整理【第二種衛生管理者試験】,排風機の静圧・特性曲線,排風機の静圧・特性曲線,,,,,,,,,,haifu-ki-seiatsu
排気口,（読み未登録）,労働衛生,第二種衛生管理者,汚染空気を屋外へ排出する開口です。発散源との位置関係が重要です。,汚染空気を屋外へ排出する開口です。発散源との位置関係が重要です。,,,A,汚染空気を屋外へ排出する開口です。発散源との位置関係が重要です。,排気口とは？局所排気・全面換気での位置【第二種衛生管理者試験】,汚染空気を屋外へ排出する開口です。発散源との位置関係が重要です。,汚染空気を屋外へ排出する開口です。発散源との位置関係が重要です。,,,,,,,,,,haiki-ko
白ろう,（読み未登録）,労働生理,第二種衛生管理者,寒冷や振動で手指が蒼白になる症状です。振動障害の代表例です。,寒冷や振動で手指が蒼白になる症状です。振動障害の代表例です。,,,A,寒冷や振動で手指が蒼白になる症状です。振動障害の代表例です。,白ろうとは？振動障害・手指の蒼白【第二種衛生管理者試験】,寒冷や振動で手指が蒼白になる症状です。振動障害の代表例です。,寒冷や振動で手指が蒼白になる症状です。振動障害の代表例です。,,,,,,,,,,hakurou
発散強度・必要換気量（希釈換気）,（読み未登録）,関係法令,第二種衛生管理者,発散強度・必要換気量（希釈換気）,発散強度・必要換気量（希釈換気）,,,A,発散強度・必要換気量（希釈換気）,発散強度・必要換気量（希釈換気）とは？計算の考え方を整理【第二種衛生管理者試験】,発散強度・必要換気量（希釈換気）,発散強度・必要換気量（希釈換気）,,,,,,,,,,hassan-kyodo-kanki-ryo
発がん性,（読み未登録）,労働生理,第二種衛生管理者,長期ばく露でがんのリスクが高まる性質です。管理物質区分と関連します。,長期ばく露でがんのリスクが高まる性質です。管理物質区分と関連します。,,,A,長期ばく露でがんのリスクが高まる性質です。管理物質区分と関連します。,発がん性とは？特別管理物質・ベンゼン【第二種衛生管理者試験】,長期ばく露でがんのリスクが高まる性質です。管理物質区分と関連します。,長期ばく露でがんのリスクが高まる性質です。管理物質区分と関連します。,,,,,,,,,,hatsugansei
変異原性,（読み未登録）,労働生理,第二種衛生管理者,遺伝子への損傷のおそれがある性質です。GHS分類とリスク評価に関係します。,遺伝子への損傷のおそれがある性質です。GHS分類とリスク評価に関係します。,,,A,遺伝子への損傷のおそれがある性質です。GHS分類とリスク評価に関係します。,変異原性とは？遺伝毒性・化学物質管理【第二種衛生管理者試験】,遺伝子への損傷のおそれがある性質です。GHS分類とリスク評価に関係します。,遺伝子への損傷のおそれがある性質です。GHS分類とリスク評価に関係します。,,,,,,,,,,heni-gensei
被ばく,（読み未登録）,労働生理,第二種衛生管理者,放射線や有害因子の影響を受けることです。電離放射線では線量管理が中心になります。,放射線や有害因子の影響を受けることです。電離放射線では線量管理が中心になります。,,,A,放射線や有害因子の影響を受けることです。電離放射線では線量管理が中心になります。,被ばくとは？電離放射線・線量管理の基本【第二種衛生管理者試験】,放射線や有害因子の影響を受けることです。電離放射線では線量管理が中心になります。,放射線や有害因子の影響を受けることです。電離放射線では線量管理が中心になります。,,,,,,,,,,hibaku
皮膚吸収（化学物質）,（読み未登録）,関係法令,第二種衛生管理者,皮膚吸収（化学物質）,皮膚吸収（化学物質）,,,A,皮膚吸収（化学物質）,皮膚吸収（化学物質）とは？リスク・対策・吸入との違いを整理【第二種衛生管理者試験】,皮膚吸収（化学物質）,皮膚吸収（化学物質）,,,,,,,,,,hifu-kyushu
避難経路,（読み未登録）,労働衛生,第二種衛生管理者,緊急時に安全に退避するための経路です。危険作業場の安全管理と関連します。,緊急時に安全に退避するための経路です。危険作業場の安全管理と関連します。,,,A,緊急時に安全に退避するための経路です。危険作業場の安全管理と関連します。,避難経路とは？酸素欠乏・緊急時対策【第二種衛生管理者試験】,緊急時に安全に退避するための経路です。危険作業場の安全管理と関連します。,緊急時に安全に退避するための経路です。危険作業場の安全管理と関連します。,,,,,,,,,,hinan-keiro
避難器具,（読み未登録）,労働衛生,第二種衛生管理者,緊急時に作業者を救出するための器具です。酸素欠乏危険作業では設置・点検が義務づけられます。,緊急時に作業者を救出するための器具です。酸素欠乏危険作業では設置・点検が義務づけられます。,,,A,緊急時に作業者を救出するための器具です。酸素欠乏危険作業では設置・点検が義務づけられます。,避難器具とは？酸素欠乏作業・救助の備え【第二種衛生管理者試験】,緊急時に作業者を救出するための器具です。酸素欠乏危険作業では設置・点検が義務づけられます。,緊急時に作業者を救出するための器具です。酸素欠乏危険作業では設置・点検が義務づけられます。,,,,,,,,,,hinan-kigu
保護具不要区域,（読み未登録）,関係法令,第二種衛生管理者,保護具不要区域,保護具不要区域,,,A,保護具不要区域,保護具不要区域とは？管理濃度・測定結果との関係を整理【第二種衛生管理者試験】,保護具不要区域,保護具不要区域,,,,,,,,,,hogo-gu-fuyou-kuiki
保護具着用適合性検査,（読み未登録）,労働衛生,第二種衛生管理者,呼吸用保護具などが労働者の顔面に適合しているかを確認する検査です。漏れ込みの防止が目的です。,呼吸用保護具などが労働者の顔面に適合しているかを確認する検査です。漏れ込みの防止が目的です。,,,A,呼吸用保護具などが労働者の顔面に適合しているかを確認する検査です。漏れ込みの防止が目的です。,保護具着用適合性検査とは？呼吸用保護具のフィットテスト【第二種衛生管理者試験】,呼吸用保護具などが労働者の顔面に適合しているかを確認する検査です。漏れ込みの防止が目的です。,呼吸用保護具などが労働者の顔面に適合しているかを確認する検査です。漏れ込みの防止が目的です。,,,,,,,,,,hogo-gu-tekiousei-kensa
保護メガネ,（読み未登録）,労働衛生,第二種衛生管理者,眼へのばく露を防ぐ保護具です。側板付きなど形状の違いが論点になります。,眼へのばく露を防ぐ保護具です。側板付きなど形状の違いが論点になります。,,,A,眼へのばく露を防ぐ保護具です。側板付きなど形状の違いが論点になります。,保護メガネとは？飛沫・粉じん・化学物質【第二種衛生管理者試験】,眼へのばく露を防ぐ保護具です。側板付きなど形状の違いが論点になります。,眼へのばく露を防ぐ保護具です。側板付きなど形状の違いが論点になります。,,,,,,,,,,hogo-megane
放射線業務,（読み未登録）,関係法令,第二種衛生管理者,電離放射線を使用する業務全般です。管理区域の設定や記録保存が問われます。,電離放射線を使用する業務全般です。管理区域の設定や記録保存が問われます。,,,A,電離放射線を使用する業務全般です。管理区域の設定や記録保存が問われます。,放射線業務とは？管理区域・記録・教育【第二種衛生管理者試験】,電離放射線を使用する業務全般です。管理区域の設定や記録保存が問われます。,電離放射線を使用する業務全般です。管理区域の設定や記録保存が問われます。,,,,,,,,,,hoshasen-gyomu
捕集分析法,（読み未登録）,労働衛生,第二種衛生管理者,空気中の有害物質をいったん捕集材に取り込み、後から分析機器で濃度を求める測定の流れです。流量を正しく合わせる（流量校正）、決められた時間吸引する、試料を分析する、という手順が一つでも抜けると結果が信じられなくなります。試験では手順の順番や、,空気中の有害物質をいったん捕集材に取り込み、後から分析機器で濃度を求める測定の流れです。流量を正しく合わせる（流量校正）、決められた時間吸引する、試料を分析する、という手順が一つでも抜けると結果が信じられなくなります。試験では手順の順番や、流量がずれたときの影響などが問われやすいです。,,,A,空気中の有害物質をいったん捕集材に取り込み、後から分析機器で濃度を求める測定の流れです。流量を正しく合わせる（流量校正）、決められた時間吸引する、試料を分析する、という手順が一つでも抜けると結果が信じられなくなります。試験では手順の順番や、流量がずれたときの影響などが問われやすいです。,捕集分析法とは？手順・流量校正・保存・直接読み取り式との違いを整理【第二種衛生管理者試験】,空気中の有害物質をいったん捕集材に取り込み、後から分析機器で濃度を求める測定の流れです。流量を正しく合わせる（流量校正）、決められた時間吸引する、試料を分析する、という手順が一つでも抜けると結果が信じられなくなります。試験では手順の順番や、流量がずれたときの影響などが問われやすいです。,空気中の有害物質をいったん捕集材に取り込み、後から分析機器で濃度を求める測定の流れです。流量を正しく合わせる（流量校正）、決められた時間吸引する、試料を分析する、という手順が一つでも抜けると結果が信じられなくなります。試験では手順の順番や、流量がずれたときの影響などが問われやすいです。,,,,,,,,,,hoshu-bunseki-ho
捕集効率,（読み未登録）,労働衛生,第二種衛生管理者,有害物質をどれだけ捕集できたかを示す指標です。局所排気の性能評価に関係します。,有害物質をどれだけ捕集できたかを示す指標です。局所排気の性能評価に関係します。,,,A,有害物質をどれだけ捕集できたかを示す指標です。局所排気の性能評価に関係します。,捕集効率とは？局所排気・ろ過捕集の性能【第二種衛生管理者試験】,有害物質をどれだけ捕集できたかを示す指標です。局所排気の性能評価に関係します。,有害物質をどれだけ捕集できたかを示す指標です。局所排気の性能評価に関係します。,,,,,,,,,,hoshu-kouritsu
標識の掲示,（読み未登録）,労働衛生,第二種衛生管理者,管理区分や危険性を労働者に知らせるため、決められた標識を掲示することです。,管理区分や危険性を労働者に知らせるため、決められた標識を掲示することです。,,,A,管理区分や危険性を労働者に知らせるため、決められた標識を掲示することです。,標識の掲示とは？作業環境・危険有害作業の周知【第二種衛生管理者試験】,管理区分や危険性を労働者に知らせるため、決められた標識を掲示することです。,管理区分や危険性を労働者に知らせるため、決められた標識を掲示することです。,,,,,,,,,,hyoshiki-keiji
一酸化炭素中毒,（読み未登録）,労働生理,第二種衛生管理者,一酸化炭素は無色無臭で気づきにくく、血液中のヘモグロビンと強く結びついて酸素の運搬を妨げます。その結果、組織が酸欠になり、頭痛や吐き気、意識障害が起きます。不完全燃焼（たき火、ボイラー、車の排気など）が典型の発生源で、換気・測定・警報器など,一酸化炭素は無色無臭で気づきにくく、血液中のヘモグロビンと強く結びついて酸素の運搬を妨げます。その結果、組織が酸欠になり、頭痛や吐き気、意識障害が起きます。不完全燃焼（たき火、ボイラー、車の排気など）が典型の発生源で、換気・測定・警報器などの対策が重要です。,,,A,一酸化炭素は無色無臭で気づきにくく、血液中のヘモグロビンと強く結びついて酸素の運搬を妨げます。その結果、組織が酸欠になり、頭痛や吐き気、意識障害が起きます。不完全燃焼（たき火、ボイラー、車の排気など）が典型の発生源で、換気・測定・警報器などの対策が重要です。,一酸化炭素中毒とは？メカニズム・症状・発生源・予防を整理【第二種衛生管理者試験】,一酸化炭素は無色無臭で気づきにくく、血液中のヘモグロビンと強く結びついて酸素の運搬を妨げます。その結果、組織が酸欠になり、頭痛や吐き気、意識障害が起きます。不完全燃焼（たき火、ボイラー、車の排気など）が典型の発生源で、換気・測定・警報器などの対策が重要です。,一酸化炭素は無色無臭で気づきにくく、血液中のヘモグロビンと強く結びついて酸素の運搬を妨げます。その結果、組織が酸欠になり、頭痛や吐き気、意識障害が起きます。不完全燃焼（たき火、ボイラー、車の排気など）が典型の発生源で、換気・測定・警報器などの対策が重要です。,,,,,,,,,,ichisanka-tanso-chudoku
石綿粉じん,（読み未登録）,労働生理,第二種衛生管理者,石綿による粉じんばく露です。石綿障害予防規則とじん肺の話題と接続します。,石綿による粉じんばく露です。石綿障害予防規則とじん肺の話題と接続します。,,,A,石綿による粉じんばく露です。石綿障害予防規則とじん肺の話題と接続します。,石綿粉じんとは？ばく露・健康影響・予防【第二種衛生管理者試験】,石綿による粉じんばく露です。石綿障害予防規則とじん肺の話題と接続します。,石綿による粉じんばく露です。石綿障害予防規則とじん肺の話題と接続します。,,,,,,,,,,ishiwata-funjin
石綿作業,（読み未登録）,関係法令,第二種衛生管理者,石綿の除去・封じ込め・調査など、石綿障害予防規則の対象となる作業です。手順の厳しさが試験の焦点です。,石綿の除去・封じ込め・調査など、石綿障害予防規則の対象となる作業です。手順の厳しさが試験の焦点です。,,,A,石綿の除去・封じ込め・調査など、石綿障害予防規則の対象となる作業です。手順の厳しさが試験の焦点です。,石綿作業とは？事前調査・作業主任者・保護具【第二種衛生管理者試験】,石綿の除去・封じ込め・調査など、石綿障害予防規則の対象となる作業です。手順の厳しさが試験の焦点です。,石綿の除去・封じ込め・調査など、石綿障害予防規則の対象となる作業です。手順の厳しさが試験の焦点です。,,,,,,,,,,ishiwata-sagyo
事業場外労働者の衛生管理,（読み未登録）,関係法令,第二種衛生管理者,事業場外労働者の衛生管理,事業場外労働者の衛生管理,,,A,事業場外労働者の衛生管理,事業場外労働者の衛生管理とは？在宅・外勤労働者への適用を整理【第二種衛生管理者試験】,事業場外労働者の衛生管理,事業場外労働者の衛生管理,,,,,,,,,,jigyo-jyogai-rodo-eisei
事業者の一般義務,（読み未登録）,関係法令,第二種衛生管理者,事業者が負う安全衛生上の基本義務です。法の根拠として頻出の論点になります。,事業者が負う安全衛生上の基本義務です。法の根拠として頻出の論点になります。,,,A,事業者が負う安全衛生上の基本義務です。法の根拠として頻出の論点になります。,事業者の一般義務とは？労働安全衛生法の総義務【第二種衛生管理者試験】,事業者が負う安全衛生上の基本義務です。法の根拠として頻出の論点になります。,事業者が負う安全衛生上の基本義務です。法の根拠として頻出の論点になります。,,,,,,,,,,jigyosha-ippan-gimu
実効線量,（読み未登録）,労働生理,第二種衛生管理者,防護のための線量指標の一つです。被ばく限度の管理に用いられます。,防護のための線量指標の一つです。被ばく限度の管理に用いられます。,,,A,防護のための線量指標の一つです。被ばく限度の管理に用いられます。,実効線量とは？線量限度・被ばく管理【第二種衛生管理者試験】,防護のための線量指標の一つです。被ばく限度の管理に用いられます。,防護のための線量指標の一つです。被ばく限度の管理に用いられます。,,,,,,,,,,jikko-senryo
じん肺法,（読み未登録）,関係法令,第二種衛生管理者,粉じん作業でじん肺を予防し、じん肺労働者を保護するための法律です。健康診断、管理区分、じん肺健康診断個人票の保存、事業者と行政の役割などが柱になります。労働衛生の作業環境管理とセットで語られることが多いので、「環境側の低減」と「健康側のフォ,粉じん作業でじん肺を予防し、じん肺労働者を保護するための法律です。健康診断、管理区分、じん肺健康診断個人票の保存、事業者と行政の役割などが柱になります。労働衛生の作業環境管理とセットで語られることが多いので、「環境側の低減」と「健康側のフォロー」を両輪として捉えると理解がつながります。,,,A,粉じん作業でじん肺を予防し、じん肺労働者を保護するための法律です。健康診断、管理区分、じん肺健康診断個人票の保存、事業者と行政の役割などが柱になります。労働衛生の作業環境管理とセットで語られることが多いので、「環境側の低減」と「健康側のフォロー」を両輪として捉えると理解がつながります。,じん肺法とは？管理区分・健診種類・記録保存を完全整理【第二種衛生管理者試験】,粉じん作業でじん肺を予防し、じん肺労働者を保護するための法律です。健康診断、管理区分、じん肺健康診断個人票の保存、事業者と行政の役割などが柱になります。労働衛生の作業環境管理とセットで語られることが多いので、「環境側の低減」と「健康側のフォロー」を両輪として捉えると理解がつながります。,粉じん作業でじん肺を予防し、じん肺労働者を保護するための法律です。健康診断、管理区分、じん肺健康診断個人票の保存、事業者と行政の役割などが柱になります。労働衛生の作業環境管理とセットで語られることが多いので、「環境側の低減」と「健康側のフォロー」を両輪として捉えると理解がつながります。,,,,,,,,,,jinpai-ho
じん肺管理区分,（読み未登録）,関係法令,第二種衛生管理者,じん肺管理区分,じん肺管理区分,,,A,じん肺管理区分,じん肺管理区分とは？健診結果からの判定・就業上の措置を整理【第二種衛生管理者試験】,じん肺管理区分,じん肺管理区分,,,,,,,,,,jinpai-kanri-kubun
じん肺,（読み未登録）,労働生理,第二種衛生管理者,長い間、粉じんを吸い込み続けることで起きる肺の病気（線維化など）の総称です。進行すると呼吸が苦しくなり、生活や仕事に大きな影響が出ます。予防には作業環境の粉じん濃度を下げることと、健康診断で早期に見つけて配置転換などを行うことが重要です。試,長い間、粉じんを吸い込み続けることで起きる肺の病気（線維化など）の総称です。進行すると呼吸が苦しくなり、生活や仕事に大きな影響が出ます。予防には作業環境の粉じん濃度を下げることと、健康診断で早期に見つけて配置転換などを行うことが重要です。試験では管理法側の手続きと、衛生工学側の粉じん対策がセットで出ます。,,,A,長い間、粉じんを吸い込み続けることで起きる肺の病気（線維化など）の総称です。進行すると呼吸が苦しくなり、生活や仕事に大きな影響が出ます。予防には作業環境の粉じん濃度を下げることと、健康診断で早期に見つけて配置転換などを行うことが重要です。試験では管理法側の手続きと、衛生工学側の粉じん対策がセットで出ます。,じん肺とは？原因・症状・種類・予防を完全整理【第二種衛生管理者試験】,長い間、粉じんを吸い込み続けることで起きる肺の病気（線維化など）の総称です。進行すると呼吸が苦しくなり、生活や仕事に大きな影響が出ます。予防には作業環境の粉じん濃度を下げることと、健康診断で早期に見つけて配置転換などを行うことが重要です。試験では管理法側の手続きと、衛生工学側の粉じん対策がセットで出ます。,長い間、粉じんを吸い込み続けることで起きる肺の病気（線維化など）の総称です。進行すると呼吸が苦しくなり、生活や仕事に大きな影響が出ます。予防には作業環境の粉じん濃度を下げることと、健康診断で早期に見つけて配置転換などを行うことが重要です。試験では管理法側の手続きと、衛生工学側の粉じん対策がセットで出ます。,,,,,,,,,,jinpai
常時使用する労働者,（読み未登録）,関係法令,第二種衛生管理者,選任要件や健康診断の対象を決めるときの基準となる労働者数の数え方です。パートタイム労働者の扱いが頻出です。,選任要件や健康診断の対象を決めるときの基準となる労働者数の数え方です。パートタイム労働者の扱いが頻出です。,,,A,選任要件や健康診断の対象を決めるときの基準となる労働者数の数え方です。パートタイム労働者の扱いが頻出です。,常時使用する労働者とは？選任・健診の基準人数【第二種衛生管理者試験】,選任要件や健康診断の対象を決めるときの基準となる労働者数の数え方です。パートタイム労働者の扱いが頻出です。,選任要件や健康診断の対象を決めるときの基準となる労働者数の数え方です。パートタイム労働者の扱いが頻出です。,,,,,,,,,,joji-shiyo-roudousha
受動喫煙防止（職場）,（読み未登録）,関係法令,第二種衛生管理者,受動喫煙防止（職場）,受動喫煙防止（職場）,,,A,受動喫煙防止（職場）,受動喫煙防止（職場）とは？事業者の義務・禁煙区域・分煙を整理【第二種衛生管理者試験】,受動喫煙防止（職場）,受動喫煙防止（職場）,,,,,,,,,,judo-kitsuen-boshi
熱順化,（読み未登録）,関係法令,第二種衛生管理者,熱順化,熱順化,,,A,熱順化,熱順化とは？期間・効果・熱中症予防での役割を整理【第二種衛生管理者試験】,熱順化,熱順化,,,,,,,,,,junka
除じん・空気清浄装置,（読み未登録）,労働衛生,第二種衛生管理者,局所排気装置の流れの中で、粒子状物質を取り除いたり、有害ガスを吸着したりする装置です。排風機やダクトを守る目的もあります。試験では「局所排気の構成要素」として語られることが多いので、制気口→ダクト→除じん／清浄→排風機、という並びを図にする,局所排気装置の流れの中で、粒子状物質を取り除いたり、有害ガスを吸着したりする装置です。排風機やダクトを守る目的もあります。試験では「局所排気の構成要素」として語られることが多いので、制気口→ダクト→除じん／清浄→排風機、という並びを図にすると覚えやすいです。,,,A,局所排気装置の流れの中で、粒子状物質を取り除いたり、有害ガスを吸着したりする装置です。排風機やダクトを守る目的もあります。試験では「局所排気の構成要素」として語られることが多いので、制気口→ダクト→除じん／清浄→排風機、という並びを図にすると覚えやすいです。,除じん・空気清浄装置とは？局所排気における位置・機能を整理【第二種衛生管理者試験】,局所排気装置の流れの中で、粒子状物質を取り除いたり、有害ガスを吸着したりする装置です。排風機やダクトを守る目的もあります。試験では「局所排気の構成要素」として語られることが多いので、制気口→ダクト→除じん／清浄→排風機、という並びを図にすると覚えやすいです。,局所排気装置の流れの中で、粒子状物質を取り除いたり、有害ガスを吸着したりする装置です。排風機やダクトを守る目的もあります。試験では「局所排気の構成要素」として語られることが多いので、制気口→ダクト→除じん／清浄→排風機、という並びを図にすると覚えやすいです。,,,,,,,,,,jyozu-kuuki-seijo
授乳中の措置,（読み未登録）,関係法令,第二種衛生管理者,授乳中の労働者に対する保護措置です。有害業務への就業制限と関連します。,授乳中の労働者に対する保護措置です。有害業務への就業制限と関連します。,,,A,授乳中の労働者に対する保護措置です。有害業務への就業制限と関連します。,授乳中の措置とは？妊産婦・有害物質作業【第二種衛生管理者試験】,授乳中の労働者に対する保護措置です。有害業務への就業制限と関連します。,授乳中の労働者に対する保護措置です。有害業務への就業制限と関連します。,,,,,,,,,,jyunyu-sochi
化学防護服,（読み未登録）,労働衛生,第二種衛生管理者,高リスク化学物質作業で用いる防護服です。液密・気密などの区分が問われます。,高リスク化学物質作業で用いる防護服です。液密・気密などの区分が問われます。,,,A,高リスク化学物質作業で用いる防護服です。液密・気密などの区分が問われます。,化学防護服とは？液密・気密・選定レベル【第二種衛生管理者試験】,高リスク化学物質作業で用いる防護服です。液密・気密などの区分が問われます。,高リスク化学物質作業で用いる防護服です。液密・気密などの区分が問われます。,,,,,,,,,,kagaku-bougo-fuku
化学物質の急性毒性・慢性毒性,（読み未登録）,関係法令,第二種衛生管理者,化学物質の急性毒性・慢性毒性,化学物質の急性毒性・慢性毒性,,,A,化学物質の急性毒性・慢性毒性,化学物質の急性毒性・慢性毒性とは？違い・ばく露経路・蓄積を整理【第二種衛生管理者試験】,化学物質の急性毒性・慢性毒性,化学物質の急性毒性・慢性毒性,,,,,,,,,,kagaku-busshitsu-dokusho
化学物質管理者,（読み未登録）,関係法令,第二種衛生管理者,化学物質を取り扱う作業場で、法令に基づき選任される管理者です。調査・記録・教育などの職務が問われます。,化学物質を取り扱う作業場で、法令に基づき選任される管理者です。調査・記録・教育などの職務が問われます。,,,A,化学物質を取り扱う作業場で、法令に基づき選任される管理者です。調査・記録・教育などの職務が問われます。,化学物質管理者とは？選任要件・職務・作業主任者との違い【第二種衛生管理者試験】,化学物質を取り扱う作業場で、法令に基づき選任される管理者です。調査・記録・教育などの職務が問われます。,化学物質を取り扱う作業場で、法令に基づき選任される管理者です。調査・記録・教育などの職務が問われます。,,,,,,,,,,kagaku-busshitsu-kanrisha
化学物質等による危険性等の調査等,（読み未登録）,関係法令,第二種衛生管理者,化学物質等による危険性等の調査等,化学物質等による危険性等の調査等,,,A,化学物質等による危険性等の調査等,化学物質等による危険性等の調査等とは？リスクアセスメントの法的根拠を整理【第二種衛生管理者試験】,化学物質等による危険性等の調査等,化学物質等による危険性等の調査等,,,,,,,,,,kagaku-busshitsu-kiken-chosa
囲い型局所排気装置,（読み未登録）,関係法令,第二種衛生管理者,囲い型局所排気装置,囲い型局所排気装置,,,A,囲い型局所排気装置,囲い型局所排気装置とは？外付け型との違い・開口面の管理を整理【第二種衛生管理者試験】,囲い型局所排気装置,囲い型局所排気装置,,,,,,,,,,kakomi-kyokuho-haiki
確保換気,（読み未登録）,労働衛生,第二種衛生管理者,室内の空気を一定の質・量に保つための換気です。換気回数や必要換気量の計算が試験に出ます。,室内の空気を一定の質・量に保つための換気です。換気回数や必要換気量の計算が試験に出ます。,,,A,室内の空気を一定の質・量に保つための換気です。換気回数や必要換気量の計算が試験に出ます。,確保換気とは？必要換気量・換気回数の考え方【第二種衛生管理者試験】,室内の空気を一定の質・量に保つための換気です。換気回数や必要換気量の計算が試験に出ます。,室内の空気を一定の質・量に保つための換気です。換気回数や必要換気量の計算が試験に出ます。,,,,,,,,,,kakuho-kanki
確定的影響と確率的影響,（読み未登録）,関係法令,第二種衛生管理者,確定的影響と確率的影響,確定的影響と確率的影響,,,A,確定的影響と確率的影響,確定的影響と確率的影響とは？放射線の健康影響を完全整理【第二種衛生管理者試験】,確定的影響と確率的影響,確定的影響と確率的影響,,,,,,,,,,kakuteiteki-kakuritsu-eikyo
簡易測定機器,（読み未登録）,労働衛生,第二種衛生管理者,手軽に濃度を把握する測定器です。正式な作業環境測定との使い分けが重要です。,手軽に濃度を把握する測定器です。正式な作業環境測定との使い分けが重要です。,,,A,手軽に濃度を把握する測定器です。正式な作業環境測定との使い分けが重要です。,簡易測定機器とは？検知管・直接読み取り【第二種衛生管理者試験】,手軽に濃度を把握する測定器です。正式な作業環境測定との使い分けが重要です。,手軽に濃度を把握する測定器です。正式な作業環境測定との使い分けが重要です。,,,,,,,,,,kan-i-sokutei-kiki
第1管理,（読み未登録）,労働衛生,第二種衛生管理者,作業環境管理区分の一つです。管理濃度超過時の措置が問われます。,作業環境管理区分の一つです。管理濃度超過時の措置が問われます。,,,A,作業環境管理区分の一つです。管理濃度超過時の措置が問われます。,第1管理（作業環境管理区分）とは？措置・再測定【第二種衛生管理者試験】,作業環境管理区分の一つです。管理濃度超過時の措置が問われます。,作業環境管理区分の一つです。管理濃度超過時の措置が問われます。,,,,,,,,,,kanri-kubun-dai1
第2管理,（読み未登録）,労働衛生,第二種衛生管理者,中間的な管理区分です。測定結果と許容・管理濃度の関係で判定します。,中間的な管理区分です。測定結果と許容・管理濃度の関係で判定します。,,,A,中間的な管理区分です。測定結果と許容・管理濃度の関係で判定します。,第2管理（作業環境管理区分）とは？改善・再評価【第二種衛生管理者試験】,中間的な管理区分です。測定結果と許容・管理濃度の関係で判定します。,中間的な管理区分です。測定結果と許容・管理濃度の関係で判定します。,,,,,,,,,,kanri-kubun-dai2
第3管理,（読み未登録）,労働衛生,第二種衛生管理者,比較的良好な作業環境の区分です。管理区分の判定フローで押さえます。,比較的良好な作業環境の区分です。管理区分の判定フローで押さえます。,,,A,比較的良好な作業環境の区分です。管理区分の判定フローで押さえます。,第3管理（作業環境管理区分）とは？良好な作業環境【第二種衛生管理者試験】,比較的良好な作業環境の区分です。管理区分の判定フローで押さえます。,比較的良好な作業環境の区分です。管理区分の判定フローで押さえます。,,,,,,,,,,kanri-kubun-dai3
管理区域・立入管理区域,（読み未登録）,関係法令,第二種衛生管理者,管理区域・立入管理区域,管理区域・立入管理区域,,,A,管理区域・立入管理区域,管理区域・立入管理区域とは？設定基準・立入条件・表示を整理【第二種衛生管理者試験】,管理区域・立入管理区域,管理区域・立入管理区域,,,,,,,,,,kanri-kuiki-nyujo
管理濃度,（読み未登録）,労働衛生,第二種衛生管理者,作業環境測定の結果を評価するときの指標の一つです。許容濃度・管理区分とセットで問われます。,作業環境測定の結果を評価するときの指標の一つです。許容濃度・管理区分とセットで問われます。,,,A,作業環境測定の結果を評価するときの指標の一つです。許容濃度・管理区分とセットで問われます。,管理濃度とは？許容濃度との違い・作業環境管理【第二種衛生管理者試験】,作業環境測定の結果を評価するときの指標の一つです。許容濃度・管理区分とセットで問われます。,作業環境測定の結果を評価するときの指標の一つです。許容濃度・管理区分とセットで問われます。,,,,,,,,,,kanri-nodo
管理図,（読み未登録）,労働衛生,第二種衛生管理者,管理区域などを示す図面です。立入管理・表示義務と関連します。,管理区域などを示す図面です。立入管理・表示義務と関連します。,,,A,管理区域などを示す図面です。立入管理・表示義務と関連します。,管理図とは？放射線業務・管理区域の表示【第二種衛生管理者試験】,管理区域などを示す図面です。立入管理・表示義務と関連します。,管理区域などを示す図面です。立入管理・表示義務と関連します。,,,,,,,,,,kanri-zu
感作,（読み未登録）,労働生理,第二種衛生管理者,一度ばく露すると、以後わずかな量でも過敏反応が起きる現象です。皮膚障害と結びつけて問われます。,一度ばく露すると、以後わずかな量でも過敏反応が起きる現象です。皮膚障害と結びつけて問われます。,,,A,一度ばく露すると、以後わずかな量でも過敏反応が起きる現象です。皮膚障害と結びつけて問われます。,感作とは？化学物質の過敏症・皮膚障害【第二種衛生管理者試験】,一度ばく露すると、以後わずかな量でも過敏反応が起きる現象です。皮膚障害と結びつけて問われます。,一度ばく露すると、以後わずかな量でも過敏反応が起きる現象です。皮膚障害と結びつけて問われます。,,,,,,,,,,kansaku
監視人,（読み未登録）,関係法令,第二種衛生管理者,酸素欠乏等の危険作業で、作業者の安全を監視する者です。立入条件とセットで問われます。,酸素欠乏等の危険作業で、作業者の安全を監視する者です。立入条件とセットで問われます。,,,A,酸素欠乏等の危険作業で、作業者の安全を監視する者です。立入条件とセットで問われます。,監視人とは？酸素欠乏危険作業・立入管理【第二種衛生管理者試験】,酸素欠乏等の危険作業で、作業者の安全を監視する者です。立入条件とセットで問われます。,酸素欠乏等の危険作業で、作業者の安全を監視する者です。立入条件とセットで問われます。,,,,,,,,,,kanshi-nin
肝における薬物代謝,（読み未登録）,関係法令,第二種衛生管理者,肝における薬物代謝,肝における薬物代謝,,,A,肝における薬物代謝,肝における薬物代謝とは？解毒と毒性増強の両面を整理【第二種衛生管理者試験】,肝における薬物代謝,肝における薬物代謝,,,,,,,,,,kanzou-yakubutsu-taisha
活性炭吸着,（読み未登録）,関係法令,第二種衛生管理者,活性炭吸着,活性炭吸着,,,A,活性炭吸着,活性炭吸着とは？有害ガスの除去・吸着限界・交換時期を整理【第二種衛生管理者試験】,活性炭吸着,活性炭吸着,,,,,,,,,,katsuseitan-kyushu
検知管,（読み未登録）,労働衛生,第二種衛生管理者,ガス濃度を簡易に測る直接読み取り式の器具です。捕集分析法との使い分けが出ます。,ガス濃度を簡易に測る直接読み取り式の器具です。捕集分析法との使い分けが出ます。,,,A,ガス濃度を簡易に測る直接読み取り式の器具です。捕集分析法との使い分けが出ます。,検知管とは？直接読み取り式測定・簡易測定【第二種衛生管理者試験】,ガス濃度を簡易に測る直接読み取り式の器具です。捕集分析法との使い分けが出ます。,ガス濃度を簡易に測る直接読み取り式の器具です。捕集分析法との使い分けが出ます。,,,,,,,,,,kenchi-kan
健康管理措置,（読み未登録）,関係法令,第二種衛生管理者,健康診断の結果に応じて事業者が講じる措置の総称です。就業上の措置・二次健診などと関連します。,健康診断の結果に応じて事業者が講じる措置の総称です。就業上の措置・二次健診などと関連します。,,,A,健康診断の結果に応じて事業者が講じる措置の総称です。就業上の措置・二次健診などと関連します。,健康管理措置とは？健康診断結果に基づく対応【第二種衛生管理者試験】,健康診断の結果に応じて事業者が講じる措置の総称です。就業上の措置・二次健診などと関連します。,健康診断の結果に応じて事業者が講じる措置の総称です。就業上の措置・二次健診などと関連します。,,,,,,,,,,kenkan-kanri-sochi
健康診断の事後措置,（読み未登録）,関係法令,第二種衛生管理者,健康診断の事後措置,健康診断の事後措置,,,A,健康診断の事後措置,健康診断の事後措置とは？手順・就業上の措置・記録を整理【第二種衛生管理者試験】,健康診断の事後措置,健康診断の事後措置,,,,,,,,,,kenko-shindan-jigo-sochi
兼務の衛生管理者,（読み未登録）,関係法令,第二種衛生管理者,他業務と兼ねる衛生管理者です。専任が必要な規模では選任できません。,他業務と兼ねる衛生管理者です。専任が必要な規模では選任できません。,,,A,他業務と兼ねる衛生管理者です。専任が必要な規模では選任できません。,兼務の衛生管理者とは？専任義務・労働時間【第二種衛生管理者試験】,他業務と兼ねる衛生管理者です。専任が必要な規模では選任できません。,他業務と兼ねる衛生管理者です。専任が必要な規模では選任できません。,,,,,,,,,,kenmu-eisei-kanrisha
気中濃度・発散源,（読み未登録）,関係法令,第二種衛生管理者,気中濃度・発散源,気中濃度・発散源,,,A,気中濃度・発散源,気中濃度・発散源とは？作業環境管理の出発点を整理【第二種衛生管理者試験】,気中濃度・発散源,気中濃度・発散源,,,,,,,,,,kichuu-nodo-hassan-gen
気流分布,（読み未登録）,労働衛生,第二種衛生管理者,作業空間内の空気の流れのパターンです。換気口の位置や排気の効き方に影響します。,作業空間内の空気の流れのパターンです。換気口の位置や排気の効き方に影響します。,,,A,作業空間内の空気の流れのパターンです。換気口の位置や排気の効き方に影響します。,気流分布とは？換気効率と汚染拡散の理解【第二種衛生管理者試験】,作業空間内の空気の流れのパターンです。換気口の位置や排気の効き方に影響します。,作業空間内の空気の流れのパターンです。換気口の位置や排気の効き方に影響します。,,,,,,,,,,kiryu-haifu
個人用保護具,（読み未登録）,労働衛生,第二種衛生管理者,マスクや保護メガネ、防護服など、労働者個人が身につけてリスクを下げる道具です。ただし保護具は万能ではなく、工程側で発散を減らす・局所排気するなどの対策が先、というのが原則です。選定（適合するか）、着用のしやすさ、点検・交換のルールもセットで,マスクや保護メガネ、防護服など、労働者個人が身につけてリスクを下げる道具です。ただし保護具は万能ではなく、工程側で発散を減らす・局所排気するなどの対策が先、というのが原則です。選定（適合するか）、着用のしやすさ、点検・交換のルールもセットで問われます。,,,A,マスクや保護メガネ、防護服など、労働者個人が身につけてリスクを下げる道具です。ただし保護具は万能ではなく、工程側で発散を減らす・局所排気するなどの対策が先、というのが原則です。選定（適合するか）、着用のしやすさ、点検・交換のルールもセットで問われます。,個人用保護具とは？種類・選定・優先順位を整理【第二種衛生管理者試験】,マスクや保護メガネ、防護服など、労働者個人が身につけてリスクを下げる道具です。ただし保護具は万能ではなく、工程側で発散を減らす・局所排気するなどの対策が先、というのが原則です。選定（適合するか）、着用のしやすさ、点検・交換のルールもセットで問われます。,マスクや保護メガネ、防護服など、労働者個人が身につけてリスクを下げる道具です。ただし保護具は万能ではなく、工程側で発散を減らす・局所排気するなどの対策が先、というのが原則です。選定（適合するか）、着用のしやすさ、点検・交換のルールもセットで問われます。,,,,,,,,,,kojin-hogo-gu
個人別の健康診断結果等の記録,（読み未登録）,関係法令,第二種衛生管理者,個人別の健康診断結果等の記録,個人別の健康診断結果等の記録,,,A,個人別の健康診断結果等の記録,個人別の健康診断結果等の記録とは？保存期間・閲覧・転職時を整理【第二種衛生管理者試験】,個人別の健康診断結果等の記録,個人別の健康診断結果等の記録,,,,,,,,,,kojin-kenko-shindan-kiroku
個人サンプリング法,（読み未登録）,関係法令,第二種衛生管理者,個人サンプリング法,個人サンプリング法,,,A,個人サンプリング法,個人サンプリング法とは？定点測定との違い・特徴・活用場面を整理【第二種衛生管理者試験】,個人サンプリング法,個人サンプリング法,,,,,,,,,,kojin-sampling-ho
黒球温度・乾球温度・湿球温度,（読み未登録）,関係法令,第二種衛生管理者,黒球温度・乾球温度・湿球温度,黒球温度・乾球温度・湿球温度,,,A,黒球温度・乾球温度・湿球温度,黒球温度・乾球温度・湿球温度とは？WBGTとの関係を整理【第二種衛生管理者試験】,黒球温度・乾球温度・湿球温度,黒球温度・乾球温度・湿球温度,,,,,,,,,,kokukyuon-kankyuon-shitsukyu
呼吸用保護具の選定と着用適合性検査,（読み未登録）,関係法令,第二種衛生管理者,呼吸用保護具の選定と着用適合性検査,呼吸用保護具の選定と着用適合性検査,,,A,呼吸用保護具の選定と着用適合性検査,呼吸用保護具の選定と着用適合性検査とは？種類・フィットテストを整理【第二種衛生管理者試験】,呼吸用保護具の選定と着用適合性検査,呼吸用保護具の選定と着用適合性検査,,,,,,,,,,kokyuyo-hogo-gu-sentei
高気圧作業,（読み未登録）,労働生理,第二種衛生管理者,潜水・シールド工事など、高気圧環境での作業です。減圧症の予防と特殊健康診断が論点になります。,潜水・シールド工事など、高気圧環境での作業です。減圧症の予防と特殊健康診断が論点になります。,,,A,潜水・シールド工事など、高気圧環境での作業です。減圧症の予防と特殊健康診断が論点になります。,高気圧作業とは？減圧症・健康診断の要点【第二種衛生管理者試験】,潜水・シールド工事など、高気圧環境での作業です。減圧症の予防と特殊健康診断が論点になります。,潜水・シールド工事など、高気圧環境での作業です。減圧症の予防と特殊健康診断が論点になります。,,,,,,,,,,koukiatsu-sagyo
雇入時健康診断,（読み未登録）,関係法令,第二種衛生管理者,新たに雇い入れた労働者に対して実施する健康診断です。定期健康診断とあわせて、雇入れ時・変更時・定期の流れとして試験で問われます。,新たに雇い入れた労働者に対して実施する健康診断です。定期健康診断とあわせて、雇入れ時・変更時・定期の流れとして試験で問われます。,,,A,新たに雇い入れた労働者に対して実施する健康診断です。定期健康診断とあわせて、雇入れ時・変更時・定期の流れとして試験で問われます。,雇入時健康診断とは？実施時期・対象・定期健診との違い【第二種衛生管理者試験】,新たに雇い入れた労働者に対して実施する健康診断です。定期健康診断とあわせて、雇入れ時・変更時・定期の流れとして試験で問われます。,新たに雇い入れた労働者に対して実施する健康診断です。定期健康診断とあわせて、雇入れ時・変更時・定期の流れとして試験で問われます。,,,,,,,,,,koyounyu-kenko-shindan
クロム酸,（読み未登録）,労働生理,第二種衛生管理者,皮膚潰瘍や呼吸器障害のおそれがある物質の例です。特定化学物質の学習例として出ます。,皮膚潰瘍や呼吸器障害のおそれがある物質の例です。特定化学物質の学習例として出ます。,,,A,皮膚潰瘍や呼吸器障害のおそれがある物質の例です。特定化学物質の学習例として出ます。,クロム酸とは？特定化学物質・皮膚・呼吸器障害【第二種衛生管理者試験】,皮膚潰瘍や呼吸器障害のおそれがある物質の例です。特定化学物質の学習例として出ます。,皮膚潰瘍や呼吸器障害のおそれがある物質の例です。特定化学物質の学習例として出ます。,,,,,,,,,,kuromusan
局所排気装置の性能検査,（読み未登録）,労働衛生,第二種衛生管理者,局所排気装置が設計どおり機能するか確認する検査です。,局所排気装置が設計どおり機能するか確認する検査です。,,,A,局所排気装置が設計どおり機能するか確認する検査です。,局所排気装置の性能検査とは？実施時期・方法【第二種衛生管理者試験】,局所排気装置が設計どおり機能するか確認する検査です。,局所排気装置が設計どおり機能するか確認する検査です。,,,,,,,,,,kyokuhai-seino-kensa
局所排気装置,（読み未登録）,労働衛生,第二種衛生管理者,有害なガスや粉じんが出る場所のすぐ近くで、汚染空気を吸い込み、ダクトで屋外などへ逃がす装置です。全体の空気をきれいにするのではなく、発生源（こぼれる・蒸発する場所）に近づけて捕集するのがポイントです。制気口・ダクト・空気清浄装置・排風機など,有害なガスや粉じんが出る場所のすぐ近くで、汚染空気を吸い込み、ダクトで屋外などへ逃がす装置です。全体の空気をきれいにするのではなく、発生源（こぼれる・蒸発する場所）に近づけて捕集するのがポイントです。制気口・ダクト・空気清浄装置・排風機などで構成され、外付け型・囲い型・フード型など形式もあります。試験では「なぜ局所が基本か（希釈より優先される理由）」が語れると強いです。,,,A,有害なガスや粉じんが出る場所のすぐ近くで、汚染空気を吸い込み、ダクトで屋外などへ逃がす装置です。全体の空気をきれいにするのではなく、発生源（こぼれる・蒸発する場所）に近づけて捕集するのがポイントです。制気口・ダクト・空気清浄装置・排風機などで構成され、外付け型・囲い型・フード型など形式もあります。試験では「なぜ局所が基本か（希釈より優先される理由）」が語れると強いです。,局所排気装置とは？構成・形式・制御風速・点検を完全整理【第二種衛生管理者試験】,有害なガスや粉じんが出る場所のすぐ近くで、汚染空気を吸い込み、ダクトで屋外などへ逃がす装置です。全体の空気をきれいにするのではなく、発生源（こぼれる・蒸発する場所）に近づけて捕集するのがポイントです。制気口・ダクト・空気清浄装置・排風機などで構成され、外付け型・囲い型・フード型など形式もあります。試験では「なぜ局所が基本か（希釈より優先される理由）」が語れると強いです。,有害なガスや粉じんが出る場所のすぐ近くで、汚染空気を吸い込み、ダクトで屋外などへ逃がす装置です。全体の空気をきれいにするのではなく、発生源（こぼれる・蒸発する場所）に近づけて捕集するのがポイントです。制気口・ダクト・空気清浄装置・排風機などで構成され、外付け型・囲い型・フード型など形式もあります。試験では「なぜ局所が基本か（希釈より優先される理由）」が語れると強いです。,,,,,,,,,,kyokuho-haikisochi
協力者,（読み未登録）,関係法令,第二種衛生管理者,危険作業で作業者を支援する者です。監視人・救助体制とセットで問われます。,危険作業で作業者を支援する者です。監視人・救助体制とセットで問われます。,,,A,危険作業で作業者を支援する者です。監視人・救助体制とセットで問われます。,協力者とは？酸素欠乏作業・立入・救助【第二種衛生管理者試験】,危険作業で作業者を支援する者です。監視人・救助体制とセットで問われます。,危険作業で作業者を支援する者です。監視人・救助体制とセットで問われます。,,,,,,,,,,kyouryokusha
許容濃度・管理濃度,（読み未登録）,関係法令,第二種衛生管理者,許容濃度・管理濃度,許容濃度・管理濃度,,,A,許容濃度・管理濃度,許容濃度・管理濃度とは？測定結果の評価方法を整理【第二種衛生管理者試験】,許容濃度・管理濃度,許容濃度・管理濃度,,,,,,,,,,kyoyo-nodo
吸引採取,（読み未登録）,労働衛生,第二種衛生管理者,ポンプ等で空気を吸引し試料を採取する方法です。作業環境測定の基本手順です。,ポンプ等で空気を吸引し試料を採取する方法です。作業環境測定の基本手順です。,,,A,ポンプ等で空気を吸引し試料を採取する方法です。作業環境測定の基本手順です。,吸引採取とは？気集・捕集分析法・流量校正【第二種衛生管理者試験】,ポンプ等で空気を吸引し試料を採取する方法です。作業環境測定の基本手順です。,ポンプ等で空気を吸引し試料を採取する方法です。作業環境測定の基本手順です。,,,,,,,,,,kyuin-saishu
給気口,（読み未登録）,労働衛生,第二種衛生管理者,きれいな空気を室内に送り込む開口です。排気口との位置関係が換気効率に影響します。,きれいな空気を室内に送り込む開口です。排気口との位置関係が換気効率に影響します。,,,A,きれいな空気を室内に送り込む開口です。排気口との位置関係が換気効率に影響します。,給気口とは？換気の気流・全面換気の設計【第二種衛生管理者試験】,きれいな空気を室内に送り込む開口です。排気口との位置関係が換気効率に影響します。,きれいな空気を室内に送り込む開口です。排気口との位置関係が換気効率に影響します。,,,,,,,,,,kyuki-ko
救助要預者,（読み未登録）,関係法令,第二種衛生管理者,危険作業で救助体制を担う者です。監視人・協力者とセットで手順を覚えます。,危険作業で救助体制を担う者です。監視人・協力者とセットで手順を覚えます。,,,A,危険作業で救助体制を担う者です。監視人・協力者とセットで手順を覚えます。,救助要預者とは？酸素欠乏作業・緊急連絡【第二種衛生管理者試験】,危険作業で救助体制を担う者です。監視人・協力者とセットで手順を覚えます。,危険作業で救助体制を担う者です。監視人・協力者とセットで手順を覚えます。,,,,,,,,,,kyuujo-youi-sha
免許申請,（読み未登録）,関係法令,第二種衛生管理者,試験合格後に行う免許の申請手続きです。申請期限などは公式要項で確認します。,試験合格後に行う免許の申請手続きです。申請期限などは公式要項で確認します。,,,A,試験合格後に行う免許の申請手続きです。申請期限などは公式要項で確認します。,免許申請とは？衛生管理者・試験合格後の手続き【第二種衛生管理者試験】,試験合格後に行う免許の申請手続きです。申請期限などは公式要項で確認します。,試験合格後に行う免許の申請手続きです。申請期限などは公式要項で確認します。,,,,,,,,,,menkyo-shinsei
メタボリックレート（代謝量）,（読み未登録）,関係法令,第二種衛生管理者,メタボリックレート（代謝量）,メタボリックレート（代謝量）,,,A,メタボリックレート（代謝量）,メタボリックレート（代謝量）とは？作業強度とWBGT管理への活用を整理【第二種衛生管理者試験】,メタボリックレート（代謝量）,メタボリックレート（代謝量）,,,,,,,,,,metabolic-rate
ミゼットインピンジャー,（読み未登録）,労働衛生,第二種衛生管理者,ガス状物質を液体に吸収させて捕集する、いわゆる「小さな洗気びん」型の代表的な捕集器具です。吸引流量や捕集液の種類は対象物質によって決まります。現場の話と結びつけると、「泡がしっかり立つくらい吸引しているか」「液が飛び散っていないか」など、失,ガス状物質を液体に吸収させて捕集する、いわゆる「小さな洗気びん」型の代表的な捕集器具です。吸引流量や捕集液の種類は対象物質によって決まります。現場の話と結びつけると、「泡がしっかり立つくらい吸引しているか」「液が飛び散っていないか」など、失敗パターンも含めて理解が深まります。,,,A,ガス状物質を液体に吸収させて捕集する、いわゆる「小さな洗気びん」型の代表的な捕集器具です。吸引流量や捕集液の種類は対象物質によって決まります。現場の話と結びつけると、「泡がしっかり立つくらい吸引しているか」「液が飛び散っていないか」など、失敗パターンも含めて理解が深まります。,ミゼットインピンジャーとは？液体捕集・流量・対象物質を整理【第二種衛生管理者試験】,ガス状物質を液体に吸収させて捕集する、いわゆる「小さな洗気びん」型の代表的な捕集器具です。吸引流量や捕集液の種類は対象物質によって決まります。現場の話と結びつけると、「泡がしっかり立つくらい吸引しているか」「液が飛び散っていないか」など、失敗パターンも含めて理解が深まります。,ガス状物質を液体に吸収させて捕集する、いわゆる「小さな洗気びん」型の代表的な捕集器具です。吸引流量や捕集液の種類は対象物質によって決まります。現場の話と結びつけると、「泡がしっかり立つくらい吸引しているか」「液が飛び散っていないか」など、失敗パターンも含めて理解が深まります。,,,,,,,,,,mizetto-inpinja
鉛中毒予防規則,（読み未登録）,関係法令,第二種衛生管理者,鉛や鉛化合物を取り扱う作業で、鉛中毒を防ぐための規則です。空気中の鉛濃度の管理、局所排気、保護具、健康診断、汚染防止など、ばく露経路ごとに対策が並びます。試験では「どの作業が対象か」「測定・記録・健康診断の型」が問われやすいので、有機溶剤規,鉛や鉛化合物を取り扱う作業で、鉛中毒を防ぐための規則です。空気中の鉛濃度の管理、局所排気、保護具、健康診断、汚染防止など、ばく露経路ごとに対策が並びます。試験では「どの作業が対象か」「測定・記録・健康診断の型」が問われやすいので、有機溶剤規則と同じく、義務のパターンを型として覚えると応用しやすいです。,,,A,鉛や鉛化合物を取り扱う作業で、鉛中毒を防ぐための規則です。空気中の鉛濃度の管理、局所排気、保護具、健康診断、汚染防止など、ばく露経路ごとに対策が並びます。試験では「どの作業が対象か」「測定・記録・健康診断の型」が問われやすいので、有機溶剤規則と同じく、義務のパターンを型として覚えると応用しやすいです。,鉛中毒予防規則とは？対象作業・局所排気・健診・保護具を整理【第二種衛生管理者試験】,鉛や鉛化合物を取り扱う作業で、鉛中毒を防ぐための規則です。空気中の鉛濃度の管理、局所排気、保護具、健康診断、汚染防止など、ばく露経路ごとに対策が並びます。試験では「どの作業が対象か」「測定・記録・健康診断の型」が問われやすいので、有機溶剤規則と同じく、義務のパターンを型として覚えると応用しやすいです。,鉛や鉛化合物を取り扱う作業で、鉛中毒を防ぐための規則です。空気中の鉛濃度の管理、局所排気、保護具、健康診断、汚染防止など、ばく露経路ごとに対策が並びます。試験では「どの作業が対象か」「測定・記録・健康診断の型」が問われやすいので、有機溶剤規則と同じく、義務のパターンを型として覚えると応用しやすいです。,,,,,,,,,,namari-chudoku-yobo
鉛作業主任者,（読み未登録）,関係法令,第二種衛生管理者,鉛作業を行う事業場で選任する作業主任者です。鉛中毒予防規則とセットで復習します。,鉛作業を行う事業場で選任する作業主任者です。鉛中毒予防規則とセットで復習します。,,,A,鉛作業を行う事業場で選任する作業主任者です。鉛中毒予防規則とセットで復習します。,鉛作業主任者とは？選任要件・鉛作業との関係【第二種衛生管理者試験】,鉛作業を行う事業場で選任する作業主任者です。鉛中毒予防規則とセットで復習します。,鉛作業を行う事業場で選任する作業主任者です。鉛中毒予防規則とセットで復習します。,,,,,,,,,,namari-sagyo-shunin
鉛作業,（読み未登録）,関係法令,第二種衛生管理者,鉛や鉛化合物を取り扱う作業です。空気中濃度・健診・保護具がセットで出ます。,鉛や鉛化合物を取り扱う作業です。空気中濃度・健診・保護具がセットで出ます。,,,A,鉛や鉛化合物を取り扱う作業です。空気中濃度・健診・保護具がセットで出ます。,鉛作業とは？鉛中毒予防規則・作業環境管理【第二種衛生管理者試験】,鉛や鉛化合物を取り扱う作業です。空気中濃度・健診・保護具がセットで出ます。,鉛や鉛化合物を取り扱う作業です。空気中濃度・健診・保護具がセットで出ます。,,,,,,,,,,namari-sagyo
熱けいれん,（読み未登録）,労働生理,第二種衛生管理者,大量の発汗で塩分が失われ、筋肉がけいれんする熱中症の一種です。,大量の発汗で塩分が失われ、筋肉がけいれんする熱中症の一種です。,,,A,大量の発汗で塩分が失われ、筋肉がけいれんする熱中症の一種です。,熱けいれんとは？暑熱環境での筋肉痙攣【第二種衛生管理者試験】,大量の発汗で塩分が失われ、筋肉がけいれんする熱中症の一種です。,大量の発汗で塩分が失われ、筋肉がけいれんする熱中症の一種です。,,,,,,,,,,necchiren
熱中症,（読み未登録）,関係法令,第二種衛生管理者,熱中症,熱中症,,,A,熱中症,熱中症とは？重症度の分類・症状・応急処置・予防を完全整理【第二種衛生管理者試験】,熱中症,熱中症,,,,,,,,,,necchuysho
年少者就業制限,（読み未登録）,関係法令,第二種衛生管理者,年少者就業制限,年少者就業制限,,,A,年少者就業制限,年少者就業制限とは？18歳未満に禁止される有害作業を整理【第二種衛生管理者試験】,年少者就業制限,年少者就業制限,,,,,,,,,,nenshosha-shugyo-seigen
熱射病,（読み未登録）,労働生理,第二種衛生管理者,暑熱環境で体温調節が破綻し、生命に関わる重症の熱疾患です。熱中症の段階整理で押さえます。,暑熱環境で体温調節が破綻し、生命に関わる重症の熱疾患です。熱中症の段階整理で押さえます。,,,A,暑熱環境で体温調節が破綻し、生命に関わる重症の熱疾患です。熱中症の段階整理で押さえます。,熱射病とは？熱中症との違い・応急処置【第二種衛生管理者試験】,暑熱環境で体温調節が破綻し、生命に関わる重症の熱疾患です。熱中症の段階整理で押さえます。,暑熱環境で体温調節が破綻し、生命に関わる重症の熱疾患です。熱中症の段階整理で押さえます。,,,,,,,,,,netshabyo
二次健康診断,（読み未登録）,関係法令,第二種衛生管理者,一次健康診断で異常が認められた場合などに実施する、より詳しい健康診断です。実施時期と就業上の措置がセットで問われます。,一次健康診断で異常が認められた場合などに実施する、より詳しい健康診断です。実施時期と就業上の措置がセットで問われます。,,,A,一次健康診断で異常が認められた場合などに実施する、より詳しい健康診断です。実施時期と就業上の措置がセットで問われます。,二次健康診断とは？一次健診後の精密検査・実施時期【第二種衛生管理者試験】,一次健康診断で異常が認められた場合などに実施する、より詳しい健康診断です。実施時期と就業上の措置がセットで問われます。,一次健康診断で異常が認められた場合などに実施する、より詳しい健康診断です。実施時期と就業上の措置がセットで問われます。,,,,,,,,,,niji-kenko-shindan
妊産婦等の健康保持措置,（読み未登録）,関係法令,第二種衛生管理者,妊産婦等の健康保持措置,妊産婦等の健康保持措置,,,A,妊産婦等の健康保持措置,妊産婦等の健康保持措置とは？就業制限・深夜業禁止・軽易業務転換を整理【第二種衛生管理者試験】,妊産婦等の健康保持措置,妊産婦等の健康保持措置,,,,,,,,,,ninsanpu-kenko-hoji
妊娠中の措置,（読み未登録）,関係法令,第二種衛生管理者,妊娠中の労働者に対する就業上の配慮です。時間外・深夜業の制限などが論点です。,妊娠中の労働者に対する就業上の配慮です。時間外・深夜業の制限などが論点です。,,,A,妊娠中の労働者に対する就業上の配慮です。時間外・深夜業の制限などが論点です。,妊娠中の措置とは？妊産婦保護・作業制限【第二種衛生管理者試験】,妊娠中の労働者に対する就業上の配慮です。時間外・深夜業の制限などが論点です。,妊娠中の労働者に対する就業上の配慮です。時間外・深夜業の制限などが論点です。,,,,,,,,,,ninshin-sochi
認定衛生評価士,（読み未登録）,労働衛生,第二種衛生管理者,作業環境の評価等を行う国家資格者です。測定士・認定機関と役割分担します。,作業環境の評価等を行う国家資格者です。測定士・認定機関と役割分担します。,,,A,作業環境の評価等を行う国家資格者です。測定士・認定機関と役割分担します。,認定衛生評価士とは？作業環境評価・測定【第二種衛生管理者試験】,作業環境の評価等を行う国家資格者です。測定士・認定機関と役割分担します。,作業環境の評価等を行う国家資格者です。測定士・認定機関と役割分担します。,,,,,,,,,,nintei-eisei-hyokashi
認定機関,（読み未登録）,労働衛生,第二種衛生管理者,作業環境測定や分析を行うために、事業者が委託できる機関です。測定の信頼性と手続きが論点です。,作業環境測定や分析を行うために、事業者が委託できる機関です。測定の信頼性と手続きが論点です。,,,A,作業環境測定や分析を行うために、事業者が委託できる機関です。測定の信頼性と手続きが論点です。,認定機関とは？作業環境測定・分析の委託【第二種衛生管理者試験】,作業環境測定や分析を行うために、事業者が委託できる機関です。測定の信頼性と手続きが論点です。,作業環境測定や分析を行うために、事業者が委託できる機関です。測定の信頼性と手続きが論点です。,,,,,,,,,,nintei-kikan
日射病,（読み未登録）,労働生理,第二種衛生管理者,直射日光などによる熱中症です。WBGTや作業・休憩管理と関連して問われます。,直射日光などによる熱中症です。WBGTや作業・休憩管理と関連して問われます。,,,A,直射日光などによる熱中症です。WBGTや作業・休憩管理と関連して問われます。,日射病とは？直射日光・熱中症との関係【第二種衛生管理者試験】,直射日光などによる熱中症です。WBGTや作業・休憩管理と関連して問われます。,直射日光などによる熱中症です。WBGTや作業・休憩管理と関連して問われます。,,,,,,,,,,nissabyo
パッシブサンプラー,（読み未登録）,労働衛生,第二種衛生管理者,拡散により試料を採取する方法・器具です。個人サンプリングと関連します。,拡散により試料を採取する方法・器具です。個人サンプリングと関連します。,,,A,拡散により試料を採取する方法・器具です。個人サンプリングと関連します。,パッシブサンプラーとは？拡散採取・個人ばく露【第二種衛生管理者試験】,拡散により試料を採取する方法・器具です。個人サンプリングと関連します。,拡散により試料を採取する方法・器具です。個人サンプリングと関連します。,,,,,,,,,,passive-sampler
プッシュプル型換気,（読み未登録）,労働衛生,第二種衛生管理者,送風（プッシュ）と排風（プル）を組み合わせ、作業空間の気流を制御する換気方式です。,送風（プッシュ）と排風（プル）を組み合わせ、作業空間の気流を制御する換気方式です。,,,A,送風（プッシュ）と排風（プル）を組み合わせ、作業空間の気流を制御する換気方式です。,プッシュプル型換気とは？全面換気・局所排気との違い【第二種衛生管理者試験】,送風（プッシュ）と排風（プル）を組み合わせ、作業空間の気流を制御する換気方式です。,送風（プッシュ）と排風（プル）を組み合わせ、作業空間の気流を制御する換気方式です。,,,,,,,,,,push-pull-kanki
レイノー現象,（読み未登録）,労働生理,第二種衛生管理者,血管の痙攣により手指の色調が変わる現象です。振動ばく露と関連します。,血管の痙攣により手指の色調が変わる現象です。振動ばく露と関連します。,,,A,血管の痙攣により手指の色調が変わる現象です。振動ばく露と関連します。,レイノー現象とは？振動・寒冷・血流障害【第二種衛生管理者試験】,血管の痙攣により手指の色調が変わる現象です。振動ばく露と関連します。,血管の痙攣により手指の色調が変わる現象です。振動ばく露と関連します。,,,,,,,,,,raynaud
連続騒音,（読み未登録）,労働衛生,第二種衛生管理者,比較的安定して続く騒音です。等価騒音レベルで評価されます。,比較的安定して続く騒音です。等価騒音レベルで評価されます。,,,A,比較的安定して続く騒音です。等価騒音レベルで評価されます。,連続騒音とは？等価騒音レベル・作業環境【第二種衛生管理者試験】,比較的安定して続く騒音です。等価騒音レベルで評価されます。,比較的安定して続く騒音です。等価騒音レベルで評価されます。,,,,,,,,,,renzoku-souon
リスクアセスメント,（読み未登録）,労働衛生,第二種衛生管理者,化学物質などの危険性と、労働者がどれだけ触れるかを整理し、リスクを下げるための対策を決める考え方です。対策には優先順位があり、発散そのものを減らす・局所排気で捕集する・工程を隔離するといった工程側の対策を優先し、どうしても必要なときに保護具,化学物質などの危険性と、労働者がどれだけ触れるかを整理し、リスクを下げるための対策を決める考え方です。対策には優先順位があり、発散そのものを減らす・局所排気で捕集する・工程を隔離するといった工程側の対策を優先し、どうしても必要なときに保護具で補う、という流れが基本です。試験では「順序」や「記録・見直し」が問われやすいです。,,,A,化学物質などの危険性と、労働者がどれだけ触れるかを整理し、リスクを下げるための対策を決める考え方です。対策には優先順位があり、発散そのものを減らす・局所排気で捕集する・工程を隔離するといった工程側の対策を優先し、どうしても必要なときに保護具で補う、という流れが基本です。試験では「順序」や「記録・見直し」が問われやすいです。,リスクアセスメントとは？手順・優先順位・記録の義務を整理【第二種衛生管理者試験】,化学物質などの危険性と、労働者がどれだけ触れるかを整理し、リスクを下げるための対策を決める考え方です。対策には優先順位があり、発散そのものを減らす・局所排気で捕集する・工程を隔離するといった工程側の対策を優先し、どうしても必要なときに保護具で補う、という流れが基本です。試験では「順序」や「記録・見直し」が問われやすいです。,化学物質などの危険性と、労働者がどれだけ触れるかを整理し、リスクを下げるための対策を決める考え方です。対策には優先順位があり、発散そのものを減らす・局所排気で捕集する・工程を隔離するといった工程側の対策を優先し、どうしても必要なときに保護具で補う、という流れが基本です。試験では「順序」や「記録・見直し」が問われやすいです。,,,,,,,,,,risk-assessment
労働安全衛生法,（読み未登録）,関係法令,第二種衛生管理者,労働者の安全と健康を守るための「基本法」です。事業者には安全衛生管理体制の整備、危険・有害要因の除去、教育、健康診断など、幅広い義務が課されます。個別の数値基準や細かい手続きは多くが命令（規則・基準など）側にありますが、出題の入口はしばしば,労働者の安全と健康を守るための「基本法」です。事業者には安全衛生管理体制の整備、危険・有害要因の除去、教育、健康診断など、幅広い義務が課されます。個別の数値基準や細かい手続きは多くが命令（規則・基準など）側にありますが、出題の入口はしばしば労働安全衛生法の条文から来るので、「目的」「事業者の総義務」「委員会・管理者・産業医など体制の枠組み」を文章として説明できるようにしておくと安心です。,,,A,労働者の安全と健康を守るための「基本法」です。事業者には安全衛生管理体制の整備、危険・有害要因の除去、教育、健康診断など、幅広い義務が課されます。個別の数値基準や細かい手続きは多くが命令（規則・基準など）側にありますが、出題の入口はしばしば労働安全衛生法の条文から来るので、「目的」「事業者の総義務」「委員会・管理者・産業医など体制の枠組み」を文章として説明できるようにしておくと安心です。,労働安全衛生法とは？目的・事業者の義務・管理体制を完全整理【第二種衛生管理者試験】,労働者の安全と健康を守るための「基本法」です。事業者には安全衛生管理体制の整備、危険・有害要因の除去、教育、健康診断など、幅広い義務が課されます。個別の数値基準や細かい手続きは多くが命令（規則・基準など）側にありますが、出題の入口はしばしば労働安全衛生法の条文から来るので、「目的」「事業者の総義務」「委員会・管理者・産業医など体制の枠組み」を文章として説明できるようにしておくと安心です。,労働者の安全と健康を守るための「基本法」です。事業者には安全衛生管理体制の整備、危険・有害要因の除去、教育、健康診断など、幅広い義務が課されます。個別の数値基準や細かい手続きは多くが命令（規則・基準など）側にありますが、出題の入口はしばしば労働安全衛生法の条文から来るので、「目的」「事業者の総義務」「委員会・管理者・産業医など体制の枠組み」を文章として説明できるようにしておくと安心です。,,,,,,,,,,rodo-anzen-eisei-ho
労働安全衛生規則,（読み未登録）,関係法令,第二種衛生管理者,労働安全衛生法の下で定められる命令の一つで、健康診断の記録、作業環境測定、安全衛生教育の区分など、現場でそのまま手続きに落ちる内容が多いのが特徴です。条文が細かいぶん、肢の文章も細かくなりがちなので、「誰が・いつ・何を残すか」「測定・評価・,労働安全衛生法の下で定められる命令の一つで、健康診断の記録、作業環境測定、安全衛生教育の区分など、現場でそのまま手続きに落ちる内容が多いのが特徴です。条文が細かいぶん、肢の文章も細かくなりがちなので、「誰が・いつ・何を残すか」「測定・評価・再測定の流れ」など、手順としてイメージして読むと記憶に残りやすいです。,,,A,労働安全衛生法の下で定められる命令の一つで、健康診断の記録、作業環境測定、安全衛生教育の区分など、現場でそのまま手続きに落ちる内容が多いのが特徴です。条文が細かいぶん、肢の文章も細かくなりがちなので、「誰が・いつ・何を残すか」「測定・評価・再測定の流れ」など、手順としてイメージして読むと記憶に残りやすいです。,労働安全衛生規則とは？健康診断・教育・記録の規定を整理【第二種衛生管理者試験】,労働安全衛生法の下で定められる命令の一つで、健康診断の記録、作業環境測定、安全衛生教育の区分など、現場でそのまま手続きに落ちる内容が多いのが特徴です。条文が細かいぶん、肢の文章も細かくなりがちなので、「誰が・いつ・何を残すか」「測定・評価・再測定の流れ」など、手順としてイメージして読むと記憶に残りやすいです。,労働安全衛生法の下で定められる命令の一つで、健康診断の記録、作業環境測定、安全衛生教育の区分など、現場でそのまま手続きに落ちる内容が多いのが特徴です。条文が細かいぶん、肢の文章も細かくなりがちなので、「誰が・いつ・何を残すか」「測定・評価・再測定の流れ」など、手順としてイメージして読むと記憶に残りやすいです。,,,,,,,,,,rodo-anzen-eisei-kisoku
労働衛生基準,（読み未登録）,関係法令,第二種衛生管理者,労働安全衛生法に基づいて定められた、作業環境や作業方法の「最低限守るべきルール」です。たとえば温度・照明・粉じん・騒音といった環境の基準、保護具の使用、危険な作業の禁止、健康診断の実施など、現場で起きやすい論点が具体的に書かれています。試験,労働安全衛生法に基づいて定められた、作業環境や作業方法の「最低限守るべきルール」です。たとえば温度・照明・粉じん・騒音といった環境の基準、保護具の使用、危険な作業の禁止、健康診断の実施など、現場で起きやすい論点が具体的に書かれています。試験では「法令の大枠」と「規則・基準の細かい義務」がセットで出題されやすいので、どの話題がどの命令に書かれているかを地図のように整理すると理解が進みます。,,,A,労働安全衛生法に基づいて定められた、作業環境や作業方法の「最低限守るべきルール」です。たとえば温度・照明・粉じん・騒音といった環境の基準、保護具の使用、危険な作業の禁止、健康診断の実施など、現場で起きやすい論点が具体的に書かれています。試験では「法令の大枠」と「規則・基準の細かい義務」がセットで出題されやすいので、どの話題がどの命令に書かれているかを地図のように整理すると理解が進みます。,労働衛生基準とは？温度・照明・換気・騒音の基準値を整理【第二種衛生管理者試験】,労働安全衛生法に基づいて定められた、作業環境や作業方法の「最低限守るべきルール」です。たとえば温度・照明・粉じん・騒音といった環境の基準、保護具の使用、危険な作業の禁止、健康診断の実施など、現場で起きやすい論点が具体的に書かれています。試験では「法令の大枠」と「規則・基準の細かい義務」がセットで出題されやすいので、どの話題がどの命令に書かれているかを地図のように整理すると理解が進みます。,労働安全衛生法に基づいて定められた、作業環境や作業方法の「最低限守るべきルール」です。たとえば温度・照明・粉じん・騒音といった環境の基準、保護具の使用、危険な作業の禁止、健康診断の実施など、現場で起きやすい論点が具体的に書かれています。試験では「法令の大枠」と「規則・基準の細かい義務」がセットで出題されやすいので、どの話題がどの命令に書かれているかを地図のように整理すると理解が進みます。,,,,,,,,,,rodo-eisei-kijun
ろ過捕集,（読み未登録）,労働衛生,第二種衛生管理者,粒子状物質をフィルター等に捕集する方法です。捕集分析法・気集とセットで試験に出ます。,粒子状物質をフィルター等に捕集する方法です。捕集分析法・気集とセットで試験に出ます。,,,A,粒子状物質をフィルター等に捕集する方法です。捕集分析法・気集とセットで試験に出ます。,ろ過捕集とは？固体捕集・フィルター採取の要点【第二種衛生管理者試験】,粒子状物質をフィルター等に捕集する方法です。捕集分析法・気集とセットで試験に出ます。,粒子状物質をフィルター等に捕集する方法です。捕集分析法・気集とセットで試験に出ます。,,,,,,,,,,rokka-hoshu
労働者衛生管理記録,（読み未登録）,関係法令,第二種衛生管理者,労働者ごとの衛生管理上の記録です。健診結果や措置の内容が含まれ、保存期間が試験に出ます。,労働者ごとの衛生管理上の記録です。健診結果や措置の内容が含まれ、保存期間が試験に出ます。,,,A,労働者ごとの衛生管理上の記録です。健診結果や措置の内容が含まれ、保存期間が試験に出ます。,労働者衛生管理記録とは？保存期間・記載事項【第二種衛生管理者試験】,労働者ごとの衛生管理上の記録です。健診結果や措置の内容が含まれ、保存期間が試験に出ます。,労働者ごとの衛生管理上の記録です。健診結果や措置の内容が含まれ、保存期間が試験に出ます。,,,,,,,,,,roudousha-eisei-kanri-kiroku
硫化水素中毒,（読み未登録）,労働生理,第二種衛生管理者,硫化水素による中毒は、タンク・マンホール・下水などで発生し、酸素欠乏作業とセットで問われます。,硫化水素による中毒は、タンク・マンホール・下水などで発生し、酸素欠乏作業とセットで問われます。,,,A,硫化水素による中毒は、タンク・マンホール・下水などで発生し、酸素欠乏作業とセットで問われます。,硫化水素中毒とは？濃度と症状・嗅覚麻痺の危険・予防手順を整理【第二種衛生管理者試験】,硫化水素による中毒は、タンク・マンホール・下水などで発生し、酸素欠乏作業とセットで問われます。,硫化水素による中毒は、タンク・マンホール・下水などで発生し、酸素欠乏作業とセットで問われます。,,,,,,,,,,ryukasan-chudoku
流量計の校正,（読み未登録）,関係法令,第二種衛生管理者,流量計の校正,流量計の校正,,,A,流量計の校正,流量計の校正とは？捕集分析法での重要性と手順を整理【第二種衛生管理者試験】,流量計の校正,流量計の校正,,,,,,,,,,ryuryo-kosei
作業環境評価,（読み未登録）,労働衛生,第二種衛生管理者,測定結果などを踏まえて、作業環境が法令上どの管理区分に該当するかを判断する流れです。一度評価したら終わりではなく、改善工事の後や一定期間ごとに再評価が必要になる場面もあります。「測定→区分判定→表示・記録→改善→再評価」という一連の物語とし,測定結果などを踏まえて、作業環境が法令上どの管理区分に該当するかを判断する流れです。一度評価したら終わりではなく、改善工事の後や一定期間ごとに再評価が必要になる場面もあります。「測定→区分判定→表示・記録→改善→再評価」という一連の物語として覚えると、条文の細部も地図上の位置が分かりやすくなります。,,,A,測定結果などを踏まえて、作業環境が法令上どの管理区分に該当するかを判断する流れです。一度評価したら終わりではなく、改善工事の後や一定期間ごとに再評価が必要になる場面もあります。「測定→区分判定→表示・記録→改善→再評価」という一連の物語として覚えると、条文の細部も地図上の位置が分かりやすくなります。,作業環境評価とは？測定→区分判定→措置の流れを整理【第二種衛生管理者試験】,測定結果などを踏まえて、作業環境が法令上どの管理区分に該当するかを判断する流れです。一度評価したら終わりではなく、改善工事の後や一定期間ごとに再評価が必要になる場面もあります。「測定→区分判定→表示・記録→改善→再評価」という一連の物語として覚えると、条文の細部も地図上の位置が分かりやすくなります。,測定結果などを踏まえて、作業環境が法令上どの管理区分に該当するかを判断する流れです。一度評価したら終わりではなく、改善工事の後や一定期間ごとに再評価が必要になる場面もあります。「測定→区分判定→表示・記録→改善→再評価」という一連の物語として覚えると、条文の細部も地図上の位置が分かりやすくなります。,,,,,,,,,,sagyo-kankyo-hyoka
作業環境管理簿,（読み未登録）,労働衛生,第二種衛生管理者,作業環境測定の結果や管理区分などを記録する帳簿です。記載・保存・掲示が試験に出ます。,作業環境測定の結果や管理区分などを記録する帳簿です。記載・保存・掲示が試験に出ます。,,,A,作業環境測定の結果や管理区分などを記録する帳簿です。記載・保存・掲示が試験に出ます。,作業環境管理簿とは？記載事項・保存・掲示【第二種衛生管理者試験】,作業環境測定の結果や管理区分などを記録する帳簿です。記載・保存・掲示が試験に出ます。,作業環境測定の結果や管理区分などを記録する帳簿です。記載・保存・掲示が試験に出ます。,,,,,,,,,,sagyo-kankyo-kanri-bo
作業環境管理区分（第1〜第3管理区分）,（読み未登録）,関係法令,第二種衛生管理者,作業環境管理区分（第1〜第3管理区分）,作業環境管理区分（第1〜第3管理区分）,,,A,作業環境管理区分（第1〜第3管理区分）,作業環境管理区分（第1〜第3管理区分）とは？判定・措置・再評価を整理【第二種衛生管理者試験】,作業環境管理区分（第1〜第3管理区分）,作業環境管理区分（第1〜第3管理区分）,,,,,,,,,,sagyo-kankyo-kanri-kubun
作業環境測定記録,（読み未登録）,労働衛生,第二種衛生管理者,測定結果を記録し、労働者へ周知するための記録です。保存期間と管理簿との関係が頻出です。,測定結果を記録し、労働者へ周知するための記録です。保存期間と管理簿との関係が頻出です。,,,A,測定結果を記録し、労働者へ周知するための記録です。保存期間と管理簿との関係が頻出です。,作業環境測定記録とは？保存期間・掲示・管理簿【第二種衛生管理者試験】,測定結果を記録し、労働者へ周知するための記録です。保存期間と管理簿との関係が頻出です。,測定結果を記録し、労働者へ周知するための記録です。保存期間と管理簿との関係が頻出です。,,,,,,,,,,sagyo-kankyo-sokutei-kiroku
作業環境測定士,（読み未登録）,関係法令,第二種衛生管理者,作業環境測定士,作業環境測定士,,,A,作業環境測定士,作業環境測定士とは？資格区分・業務範囲・指定作業場との関係を整理【第二種衛生管理者試験】,作業環境測定士,作業環境測定士,,,,,,,,,,sagyo-kankyo-sokutei-shi
作業環境測定,（読み未登録）,関係法令,第二種衛生管理者,有害物質や騒音などの作業環境を、決められた方法で測定し、基準との比較や改善につなげるための制度です。測定の区分（A測定・B測定・C測定など）や、結果の保存・掲示、測定機関の要件などがセットで出ます。「測定→評価→改善→再測定」の流れを頭の中,有害物質や騒音などの作業環境を、決められた方法で測定し、基準との比較や改善につなげるための制度です。測定の区分（A測定・B測定・C測定など）や、結果の保存・掲示、測定機関の要件などがセットで出ます。「測定→評価→改善→再測定」の流れを頭の中で一連の物語にすると、条文の細部も位置づけしやすくなります。,,,A,有害物質や騒音などの作業環境を、決められた方法で測定し、基準との比較や改善につなげるための制度です。測定の区分（A測定・B測定・C測定など）や、結果の保存・掲示、測定機関の要件などがセットで出ます。「測定→評価→改善→再測定」の流れを頭の中で一連の物語にすると、条文の細部も位置づけしやすくなります。,作業環境測定とは？測定の区分・頻度・記録・評価の流れを整理【第二種衛生管理者試験】,有害物質や騒音などの作業環境を、決められた方法で測定し、基準との比較や改善につなげるための制度です。測定の区分（A測定・B測定・C測定など）や、結果の保存・掲示、測定機関の要件などがセットで出ます。「測定→評価→改善→再測定」の流れを頭の中で一連の物語にすると、条文の細部も位置づけしやすくなります。,有害物質や騒音などの作業環境を、決められた方法で測定し、基準との比較や改善につなげるための制度です。測定の区分（A測定・B測定・C測定など）や、結果の保存・掲示、測定機関の要件などがセットで出ます。「測定→評価→改善→再測定」の流れを頭の中で一連の物語にすると、条文の細部も位置づけしやすくなります。,,,,,,,,,,sagyo-kankyo-sokutei
作業主任者,（読み未登録）,関係法令,第二種衛生管理者,特定の危険有害作業（高所作業、火気作業、有機溶剤作業など）で、法令ごとに「現場を統括して安全に進める人」として選任される役です。規則が複数あるので、作業の種類ごとに「どの規則が」「どんな要件で」選任されるかを一覧にすると覚えやすく、肢で名称,特定の危険有害作業（高所作業、火気作業、有機溶剤作業など）で、法令ごとに「現場を統括して安全に進める人」として選任される役です。規則が複数あるので、作業の種類ごとに「どの規則が」「どんな要件で」選任されるかを一覧にすると覚えやすく、肢で名称が並んだときも迷いにくくなります。,,,A,特定の危険有害作業（高所作業、火気作業、有機溶剤作業など）で、法令ごとに「現場を統括して安全に進める人」として選任される役です。規則が複数あるので、作業の種類ごとに「どの規則が」「どんな要件で」選任されるかを一覧にすると覚えやすく、肢で名称が並んだときも迷いにくくなります。,作業主任者とは？選任が必要な作業・資格・職務を整理【第二種衛生管理者試験】,特定の危険有害作業（高所作業、火気作業、有機溶剤作業など）で、法令ごとに「現場を統括して安全に進める人」として選任される役です。規則が複数あるので、作業の種類ごとに「どの規則が」「どんな要件で」選任されるかを一覧にすると覚えやすく、肢で名称が並んだときも迷いにくくなります。,特定の危険有害作業（高所作業、火気作業、有機溶剤作業など）で、法令ごとに「現場を統括して安全に進める人」として選任される役です。規則が複数あるので、作業の種類ごとに「どの規則が」「どんな要件で」選任されるかを一覧にすると覚えやすく、肢で名称が並んだときも迷いにくくなります。,,,,,,,,,,sagyoshunin-sha
産業医の職務・巡視・意見具申,（読み未登録）,関係法令,第二種衛生管理者,産業医の職務・巡視・意見具申,産業医の職務・巡視・意見具申,,,A,産業医の職務・巡視・意見具申,産業医の職務・巡視・意見具申とは？衛生管理者との連携を整理【第二種衛生管理者試験】,産業医の職務・巡視・意見具申,産業医の職務・巡視・意見具申,,,,,,,,,,sangyo-i-shokumu
産業医,（読み未登録）,関係法令,第二種衛生管理者,常時50人以上の労働者を使用する事業場など、一定規模以上では選任が求められる医師で、健康診断結果の評価や健康指導、長時間労働者面接など、法令で位置づけられた活動があります。衛生管理者や委員会と連携しながら、事業場全体の健康リスクを下げる役割,常時50人以上の労働者を使用する事業場など、一定規模以上では選任が求められる医師で、健康診断結果の評価や健康指導、長時間労働者面接など、法令で位置づけられた活動があります。衛生管理者や委員会と連携しながら、事業場全体の健康リスクを下げる役割です。試験では「選任要件」「職務の範囲」「記録・報告」が問われやすいので、衛生管理者と混同しないよう、役割の違いを言葉で言い切れるようにするとよいです。,,,A,常時50人以上の労働者を使用する事業場など、一定規模以上では選任が求められる医師で、健康診断結果の評価や健康指導、長時間労働者面接など、法令で位置づけられた活動があります。衛生管理者や委員会と連携しながら、事業場全体の健康リスクを下げる役割です。試験では「選任要件」「職務の範囲」「記録・報告」が問われやすいので、衛生管理者と混同しないよう、役割の違いを言葉で言い切れるようにするとよいです。,産業医とは？選任要件・職務・衛生管理者との違い【第二種衛生管理者試験】,常時50人以上の労働者を使用する事業場など、一定規模以上では選任が求められる医師で、健康診断結果の評価や健康指導、長時間労働者面接など、法令で位置づけられた活動があります。衛生管理者や委員会と連携しながら、事業場全体の健康リスクを下げる役割です。試験では「選任要件」「職務の範囲」「記録・報告」が問われやすいので、衛生管理者と混同しないよう、役割の違いを言葉で言い切れるようにするとよいです。,常時50人以上の労働者を使用する事業場など、一定規模以上では選任が求められる医師で、健康診断結果の評価や健康指導、長時間労働者面接など、法令で位置づけられた活動があります。衛生管理者や委員会と連携しながら、事業場全体の健康リスクを下げる役割です。試験では「選任要件」「職務の範囲」「記録・報告」が問われやすいので、衛生管理者と混同しないよう、役割の違いを言葉で言い切れるようにするとよいです。,,,,,,,,,,sangyo-i
酸素欠乏症等防止規則：監視人・救助用具・教育の義務,（読み未登録）,関係法令,第二種衛生管理者,酸素欠乏症等防止規則：監視人・救助用具・教育の義務,酸素欠乏症等防止規則：監視人・救助用具・教育の義務,,,A,酸素欠乏症等防止規則：監視人・救助用具・教育の義務,酸素欠乏症等防止規則：監視人・救助用具・教育の義務を整理【第二種衛生管理者試験】,酸素欠乏症等防止規則：監視人・救助用具・教育の義務,酸素欠乏症等防止規則：監視人・救助用具・教育の義務,,,,,,,,,,sanso-ketsubosho-boshi-kisoku
酸素欠乏・硫化水素の測定器具と測定のタイミング,（読み未登録）,関係法令,第二種衛生管理者,酸素欠乏・硫化水素の測定器具と測定のタイミング,酸素欠乏・硫化水素の測定器具と測定のタイミング,,,A,酸素欠乏・硫化水素の測定器具と測定のタイミング,酸素欠乏・硫化水素の測定器具と測定のタイミングを整理【第二種衛生管理者試験】,酸素欠乏・硫化水素の測定器具と測定のタイミング,酸素欠乏・硫化水素の測定器具と測定のタイミング,,,,,,,,,,sanso-ketsubosho-sokutei
酸素欠乏症等防止規則,（読み未登録）,関係法令,第二種衛生管理者,タンク内や地下工事など、酸素欠乏や硫化水素中毒の危険がある場所での作業を対象に、測定・換気・立入禁止・保護具・救助用機材などを定めた規則です。事故が起きやすい現場ほど手順が厳しく、試験でも「測定のタイミング」「立入の条件」「監視人」など、安,タンク内や地下工事など、酸素欠乏や硫化水素中毒の危険がある場所での作業を対象に、測定・換気・立入禁止・保護具・救助用機材などを定めた規則です。事故が起きやすい現場ほど手順が厳しく、試験でも「測定のタイミング」「立入の条件」「監視人」など、安全のための順序が問われます。フローチャートで覚えると抜け漏れが減ります。,,,A,タンク内や地下工事など、酸素欠乏や硫化水素中毒の危険がある場所での作業を対象に、測定・換気・立入禁止・保護具・救助用機材などを定めた規則です。事故が起きやすい現場ほど手順が厳しく、試験でも「測定のタイミング」「立入の条件」「監視人」など、安全のための順序が問われます。フローチャートで覚えると抜け漏れが減ります。,酸素欠乏症等防止規則とは？測定・換気・保護具・救助の手順を整理【第二種衛生管理者試験】,タンク内や地下工事など、酸素欠乏や硫化水素中毒の危険がある場所での作業を対象に、測定・換気・立入禁止・保護具・救助用機材などを定めた規則です。事故が起きやすい現場ほど手順が厳しく、試験でも「測定のタイミング」「立入の条件」「監視人」など、安全のための順序が問われます。フローチャートで覚えると抜け漏れが減ります。,タンク内や地下工事など、酸素欠乏や硫化水素中毒の危険がある場所での作業を対象に、測定・換気・立入禁止・保護具・救助用機材などを定めた規則です。事故が起きやすい現場ほど手順が厳しく、試験でも「測定のタイミング」「立入の条件」「監視人」など、安全のための順序が問われます。フローチャートで覚えると抜け漏れが減ります。,,,,,,,,,,sanso-ketsubosho-yobo
酸素欠乏症,（読み未登録）,労働生理,第二種衛生管理者,空気中の酸素が不足すると、頭痛・吐き気・動悸から、重いと意識障害や呼吸停止に至ることがあります。原因は、窒素や二酸化炭素などで空気が置き換わって酸素が薄くなること、あるいは化学反応で酸素が消費されることなど多様です。対策の基本は「入る前に測,空気中の酸素が不足すると、頭痛・吐き気・動悸から、重いと意識障害や呼吸停止に至ることがあります。原因は、窒素や二酸化炭素などで空気が置き換わって酸素が薄くなること、あるいは化学反応で酸素が消費されることなど多様です。対策の基本は「入る前に測る」「換気する」「危険なら立ち入らない」で、手順の順番が命に直結します。,,,A,空気中の酸素が不足すると、頭痛・吐き気・動悸から、重いと意識障害や呼吸停止に至ることがあります。原因は、窒素や二酸化炭素などで空気が置き換わって酸素が薄くなること、あるいは化学反応で酸素が消費されることなど多様です。対策の基本は「入る前に測る」「換気する」「危険なら立ち入らない」で、手順の順番が命に直結します。,酸素欠乏症とは？症状・原因場所・予防手順を完全整理【第二種衛生管理者試験】,空気中の酸素が不足すると、頭痛・吐き気・動悸から、重いと意識障害や呼吸停止に至ることがあります。原因は、窒素や二酸化炭素などで空気が置き換わって酸素が薄くなること、あるいは化学反応で酸素が消費されることなど多様です。対策の基本は「入る前に測る」「換気する」「危険なら立ち入らない」で、手順の順番が命に直結します。,空気中の酸素が不足すると、頭痛・吐き気・動悸から、重いと意識障害や呼吸停止に至ることがあります。原因は、窒素や二酸化炭素などで空気が置き換わって酸素が薄くなること、あるいは化学反応で酸素が消費されることなど多様です。対策の基本は「入る前に測る」「換気する」「危険なら立ち入らない」で、手順の順番が命に直結します。,,,,,,,,,,sanso-ketsubosho
酸素欠乏危険作業主任者,（読み未登録）,関係法令,第二種衛生管理者,酸素欠乏等の危険作業を統括する作業主任者です。測定の実施と手順の順序が重要です。,酸素欠乏等の危険作業を統括する作業主任者です。測定の実施と手順の順序が重要です。,,,A,酸素欠乏等の危険作業を統括する作業主任者です。測定の実施と手順の順序が重要です。,酸素欠乏危険作業主任者とは？測定・立入管理【第二種衛生管理者試験】,酸素欠乏等の危険作業を統括する作業主任者です。測定の実施と手順の順序が重要です。,酸素欠乏等の危険作業を統括する作業主任者です。測定の実施と手順の順序が重要です。,,,,,,,,,,sanso-kiken-sagyo-shunin
酸素濃度計,（読み未登録）,労働衛生,第二種衛生管理者,空気中の酸素濃度を測る器具です。作業開始前測定の必須機器です。,空気中の酸素濃度を測る器具です。作業開始前測定の必須機器です。,,,A,空気中の酸素濃度を測る器具です。作業開始前測定の必須機器です。,酸素濃度計とは？酸素欠乏・測定・校正【第二種衛生管理者試験】,空気中の酸素濃度を測る器具です。作業開始前測定の必須機器です。,空気中の酸素濃度を測る器具です。作業開始前測定の必須機器です。,,,,,,,,,,sanso-noudo-kei
SDS（安全データシート）,（読み未登録）,労働衛生,第二種衛生管理者,化学物質や混合物の危険有害性、取扱い、緊急時の措置などをまとめた文書です。リスクアセスメントでは、物質の性質や有害性の情報源として参照されます。現場では「届いていない」「古い」「読まれていない」が問題になりやすく、試験でも情報の更新や周知が,化学物質や混合物の危険有害性、取扱い、緊急時の措置などをまとめた文書です。リスクアセスメントでは、物質の性質や有害性の情報源として参照されます。現場では「届いていない」「古い」「読まれていない」が問題になりやすく、試験でも情報の更新や周知が論点になることがあります。,,,A,化学物質や混合物の危険有害性、取扱い、緊急時の措置などをまとめた文書です。リスクアセスメントでは、物質の性質や有害性の情報源として参照されます。現場では「届いていない」「古い」「読まれていない」が問題になりやすく、試験でも情報の更新や周知が論点になることがあります。,SDS（安全データシート）とは？記載項目・活用方法・リスクアセスメントとの関係を整理【第二種衛生管理者試験】,化学物質や混合物の危険有害性、取扱い、緊急時の措置などをまとめた文書です。リスクアセスメントでは、物質の性質や有害性の情報源として参照されます。現場では「届いていない」「古い」「読まれていない」が問題になりやすく、試験でも情報の更新や周知が論点になることがあります。,化学物質や混合物の危険有害性、取扱い、緊急時の措置などをまとめた文書です。リスクアセスメントでは、物質の性質や有害性の情報源として参照されます。現場では「届いていない」「古い」「読まれていない」が問題になりやすく、試験でも情報の更新や周知が論点になることがあります。,,,,,,,,,,sds
生物学的モニタリング,（読み未登録）,関係法令,第二種衛生管理者,生物学的モニタリング,生物学的モニタリング,,,A,生物学的モニタリング,生物学的モニタリングとは？作業環境測定との違い・活用場面を整理【第二種衛生管理者試験】,生物学的モニタリング,生物学的モニタリング,,,,,,,,,,seibutsugaku-monitoring
制御風速,（読み未登録）,関係法令,第二種衛生管理者,制御風速,制御風速,,,A,制御風速,制御風速とは？フードの形式別基準値・測定位置を整理【第二種衛生管理者試験】,制御風速,制御風速,,,,,,,,,,seigyo-fusoku
制気口（フード）,（読み未登録）,関係法令,第二種衛生管理者,制気口（フード）,制気口（フード）,,,A,制気口（フード）,制気口（フード）とは？種類・捕集効率・位置の決め方を整理【第二種衛生管理者試験】,制気口（フード）,制気口（フード）,,,,,,,,,,seikigu
生殖毒性,（読み未登録）,労働生理,第二種衛生管理者,生殖能や胎児への影響のおそれがある毒性です。妊産婦保護と接続します。,生殖能や胎児への影響のおそれがある毒性です。妊産婦保護と接続します。,,,A,生殖能や胎児への影響のおそれがある毒性です。妊産婦保護と接続します。,生殖毒性とは？妊娠・授乳・化学物質【第二種衛生管理者試験】,生殖能や胎児への影響のおそれがある毒性です。妊産婦保護と接続します。,生殖能や胎児への影響のおそれがある毒性です。妊産婦保護と接続します。,,,,,,,,,,seishoku-dokusei
石綿障害予防規則,（読み未登録）,関係法令,第二種衛生管理者,石綿（アスベスト）に起因するがんや肺疾患を防ぐための規則で、ばく露を極力ゼロに近づける発想が強い分野です。除去・封じ込め作業など高リスク作業では、事前調査・作業主任者・保護具・廃棄の扱いなど、手順が細かく定められています。他の化学物質規則と,石綿（アスベスト）に起因するがんや肺疾患を防ぐための規則で、ばく露を極力ゼロに近づける発想が強い分野です。除去・封じ込め作業など高リスク作業では、事前調査・作業主任者・保護具・廃棄の扱いなど、手順が細かく定められています。他の化学物質規則と並べて「石綿は特に慎重」という印象で整理すると、条文の方向性を取り違えにくくなります。,,,A,石綿（アスベスト）に起因するがんや肺疾患を防ぐための規則で、ばく露を極力ゼロに近づける発想が強い分野です。除去・封じ込め作業など高リスク作業では、事前調査・作業主任者・保護具・廃棄の扱いなど、手順が細かく定められています。他の化学物質規則と並べて「石綿は特に慎重」という印象で整理すると、条文の方向性を取り違えにくくなります。,石綿障害予防規則とは？事前調査・作業手順・健診・記録を整理【第二種衛生管理者試験】,石綿（アスベスト）に起因するがんや肺疾患を防ぐための規則で、ばく露を極力ゼロに近づける発想が強い分野です。除去・封じ込め作業など高リスク作業では、事前調査・作業主任者・保護具・廃棄の扱いなど、手順が細かく定められています。他の化学物質規則と並べて「石綿は特に慎重」という印象で整理すると、条文の方向性を取り違えにくくなります。,石綿（アスベスト）に起因するがんや肺疾患を防ぐための規則で、ばく露を極力ゼロに近づける発想が強い分野です。除去・封じ込め作業など高リスク作業では、事前調査・作業主任者・保護具・廃棄の扱いなど、手順が細かく定められています。他の化学物質規則と並べて「石綿は特に慎重」という印象で整理すると、条文の方向性を取り違えにくくなります。,,,,,,,,,,sekimen-shogai-yobo
専任の衛生管理者,（読み未登録）,関係法令,第二種衛生管理者,衛生管理業務に専念する衛生管理者です。事業場規模により専任が必要になります。,衛生管理業務に専念する衛生管理者です。事業場規模により専任が必要になります。,,,A,衛生管理業務に専念する衛生管理者です。事業場規模により専任が必要になります。,専任の衛生管理者とは？選任要件・兼務の禁止【第二種衛生管理者試験】,衛生管理業務に専念する衛生管理者です。事業場規模により専任が必要になります。,衛生管理業務に専念する衛生管理者です。事業場規模により専任が必要になります。,,,,,,,,,,sennin-eisei-kanrisha
線量限度,（読み未登録）,関係法令,第二種衛生管理者,線量限度,線量限度,,,A,線量限度,線量限度とは？職業被ばく・眼・皮膚・妊娠中女性の限度を整理【第二種衛生管理者試験】,線量限度,線量限度,,,,,,,,,,senyodo-gendo
振動白ろう（レイノー現象）,（読み未登録）,関係法令,第二種衛生管理者,振動白ろう（レイノー現象）,振動白ろう（レイノー現象）,,,A,振動白ろう（レイノー現象）,振動白ろう（レイノー現象）とは？症状・発症機序・寒冷との関係を整理【第二種衛生管理者試験】,振動白ろう（レイノー現象）,振動白ろう（レイノー現象）,,,,,,,,,,shindo-hakuro
振動の評価,（読み未登録）,労働衛生,第二種衛生管理者,手に伝わる振動（手先振動）や、体全体に伝わる振動（全身振動）など、ばく露の形態によって評価の考え方が変わります。測定・管理の詳細は試験範囲に合わせて学びますが、基本は「振動の大きさ×時間＝負担」というイメージです。騒音と同様、現場の実感と数,手に伝わる振動（手先振動）や、体全体に伝わる振動（全身振動）など、ばく露の形態によって評価の考え方が変わります。測定・管理の詳細は試験範囲に合わせて学びますが、基本は「振動の大きさ×時間＝負担」というイメージです。騒音と同様、現場の実感と数値を結びつけると定着しやすいです。,,,A,手に伝わる振動（手先振動）や、体全体に伝わる振動（全身振動）など、ばく露の形態によって評価の考え方が変わります。測定・管理の詳細は試験範囲に合わせて学びますが、基本は「振動の大きさ×時間＝負担」というイメージです。騒音と同様、現場の実感と数値を結びつけると定着しやすいです。,振動の評価とは？手先振動・全身振動・ばく露評価の方法を整理【第二種衛生管理者試験】,手に伝わる振動（手先振動）や、体全体に伝わる振動（全身振動）など、ばく露の形態によって評価の考え方が変わります。測定・管理の詳細は試験範囲に合わせて学びますが、基本は「振動の大きさ×時間＝負担」というイメージです。騒音と同様、現場の実感と数値を結びつけると定着しやすいです。,手に伝わる振動（手先振動）や、体全体に伝わる振動（全身振動）など、ばく露の形態によって評価の考え方が変わります。測定・管理の詳細は試験範囲に合わせて学びますが、基本は「振動の大きさ×時間＝負担」というイメージです。騒音と同様、現場の実感と数値を結びつけると定着しやすいです。,,,,,,,,,,shindo-hyoka
振動障害防止指針,（読み未登録）,関係法令,第二種衛生管理者,振動障害防止指針,振動障害防止指針,,,A,振動障害防止指針,振動障害防止指針とは？手先振動の管理・ばく露限界を整理【第二種衛生管理者試験】,振動障害防止指針,振動障害防止指針,,,,,,,,,,shindo-shogai-boshi-shishin
振動障害,（読み未登録）,労働生理,第二種衛生管理者,振動工具の長時間使用などで、手指のしびれや白ろう（血流障害）、骨・関節の障害などが起こることがあります。寒冷で悪化しやすいなどの特徴も知られます。評価や測定は労働衛生の分野と接続されますが、生理・病態の理解は「なぜ振動が体に悪いのか」を説明,振動工具の長時間使用などで、手指のしびれや白ろう（血流障害）、骨・関節の障害などが起こることがあります。寒冷で悪化しやすいなどの特徴も知られます。評価や測定は労働衛生の分野と接続されますが、生理・病態の理解は「なぜ振動が体に悪いのか」を説明するのに役立ちます。,,,A,振動工具の長時間使用などで、手指のしびれや白ろう（血流障害）、骨・関節の障害などが起こることがあります。寒冷で悪化しやすいなどの特徴も知られます。評価や測定は労働衛生の分野と接続されますが、生理・病態の理解は「なぜ振動が体に悪いのか」を説明するのに役立ちます。,振動障害とは？白ろう病・症状・発生しやすい作業・予防を整理【第二種衛生管理者試験】,振動工具の長時間使用などで、手指のしびれや白ろう（血流障害）、骨・関節の障害などが起こることがあります。寒冷で悪化しやすいなどの特徴も知られます。評価や測定は労働衛生の分野と接続されますが、生理・病態の理解は「なぜ振動が体に悪いのか」を説明するのに役立ちます。,振動工具の長時間使用などで、手指のしびれや白ろう（血流障害）、骨・関節の障害などが起こることがあります。寒冷で悪化しやすいなどの特徴も知られます。評価や測定は労働衛生の分野と接続されますが、生理・病態の理解は「なぜ振動が体に悪いのか」を説明するのに役立ちます。,,,,,,,,,,shindo-shogai
心理的負荷,（読み未登録）,関係法令,第二種衛生管理者,仕事の精神的負担を評価する概念です。ストレスチェック制度と関連して出題されます。,仕事の精神的負担を評価する概念です。ストレスチェック制度と関連して出題されます。,,,A,仕事の精神的負担を評価する概念です。ストレスチェック制度と関連して出題されます。,心理的負荷とは？ストレスチェック・長時間労働【第二種衛生管理者試験】,仕事の精神的負担を評価する概念です。ストレスチェック制度と関連して出題されます。,仕事の精神的負担を評価する概念です。ストレスチェック制度と関連して出題されます。,,,,,,,,,,shinri-fuka
深夜業,（読み未登録）,関係法令,第二種衛生管理者,午後10時から午前5時までの間に行う業務です。健康への影響と、健診・面接指導の要件が問われます。,午後10時から午前5時までの間に行う業務です。健康への影響と、健診・面接指導の要件が問われます。,,,A,午後10時から午前5時までの間に行う業務です。健康への影響と、健診・面接指導の要件が問われます。,深夜業とは？健康診断・面接指導との関係【第二種衛生管理者試験】,午後10時から午前5時までの間に行う業務です。健康への影響と、健診・面接指導の要件が問われます。,午後10時から午前5時までの間に行う業務です。健康への影響と、健診・面接指導の要件が問われます。,,,,,,,,,,shinya-gyou
指定作業場,（読み未登録）,関係法令,第二種衛生管理者,指定作業場,指定作業場,,,A,指定作業場,指定作業場とは？選任義務・作業環境測定士との関係を整理【第二種衛生管理者試験】,指定作業場,指定作業場,,,,,,,,,,shitei-sagyo-ba
衝撃音,（読み未登録）,労働衛生,第二種衛生管理者,瞬間的に大きい騒音です。騒音測定の評価方法と関連します。,瞬間的に大きい騒音です。騒音測定の評価方法と関連します。,,,A,瞬間的に大きい騒音です。騒音測定の評価方法と関連します。,衝撃音とは？騒音測定・評価量【第二種衛生管理者試験】,瞬間的に大きい騒音です。騒音測定の評価方法と関連します。,瞬間的に大きい騒音です。騒音測定の評価方法と関連します。,,,,,,,,,,shogeki-on
職長等教育,（読み未登録）,関係法令,第二種衛生管理者,職長等教育,職長等教育,,,A,職長等教育,職長等教育とは？対象者・内容・特別教育との違いを整理【第二種衛生管理者試験】,職長等教育,職長等教育,,,,,,,,,,shokuchou-kyoiku
職務適性検査,（読み未登録）,関係法令,第二種衛生管理者,職務適性検査,職務適性検査,,,A,職務適性検査,職務適性検査とは？健康診断との違い・対象業務・実施時期を整理【第二種衛生管理者試験】,職務適性検査,職務適性検査,,,,,,,,,,shokumu-tekisei-kensa
就業上の措置,（読み未登録）,関係法令,第二種衛生管理者,健康診断等の結果に基づき、就業禁止・配置転換・作業時間の短縮などを行う措置です。,健康診断等の結果に基づき、就業禁止・配置転換・作業時間の短縮などを行う措置です。,,,A,健康診断等の結果に基づき、就業禁止・配置転換・作業時間の短縮などを行う措置です。,就業上の措置とは？就業禁止・配置転換・作業制限【第二種衛生管理者試験】,健康診断等の結果に基づき、就業禁止・配置転換・作業時間の短縮などを行う措置です。,健康診断等の結果に基づき、就業禁止・配置転換・作業時間の短縮などを行う措置です。,,,,,,,,,,shugyo-jo-sochi
措置A,（読み未登録）,労働衛生,第二種衛生管理者,管理区分に応じて講じる改善措置の一つです。措置Bとの違いが頻出です。,管理区分に応じて講じる改善措置の一つです。措置Bとの違いが頻出です。,,,A,管理区分に応じて講じる改善措置の一つです。措置Bとの違いが頻出です。,措置Aとは？作業環境管理・改善工事【第二種衛生管理者試験】,管理区分に応じて講じる改善措置の一つです。措置Bとの違いが頻出です。,管理区分に応じて講じる改善措置の一つです。措置Bとの違いが頻出です。,,,,,,,,,,sochi-a
措置B,（読み未登録）,労働衛生,第二種衛生管理者,作業環境を改善するための措置です。措置Aとあわせて暗記表にすると覚えやすいです。,作業環境を改善するための措置です。措置Aとあわせて暗記表にすると覚えやすいです。,,,A,作業環境を改善するための措置です。措置Aとあわせて暗記表にすると覚えやすいです。,措置Bとは？作業環境管理・工程改善【第二種衛生管理者試験】,作業環境を改善するための措置です。措置Aとあわせて暗記表にすると覚えやすいです。,作業環境を改善するための措置です。措置Aとあわせて暗記表にすると覚えやすいです。,,,,,,,,,,sochi-b
第二種衛生管理者試験 総まとめ：数値・頻度・保存期間一覧,（読み未登録）,関係法令,第二種衛生管理者,第二種衛生管理者試験 総まとめ：数値・頻度・保存期間一覧,第二種衛生管理者試験 総まとめ：数値・頻度・保存期間一覧,,,A,第二種衛生管理者試験 総まとめ：数値・頻度・保存期間一覧,第二種衛生管理者試験 総まとめ：数値・頻度・保存期間一覧【完全版】,第二種衛生管理者試験 総まとめ：数値・頻度・保存期間一覧,第二種衛生管理者試験 総まとめ：数値・頻度・保存期間一覧,,,,,,,,,,sogo-matome-suuchi
総括安全衛生管理者,（読み未登録）,関係法令,第二種衛生管理者,一定規模以上の事業場で選任が求められる役職で、安全と衛生の両面を「事業場全体としてまとめる」立場です。現場の細部まで一人で抱えるというより、管理体制の責任者として位置づけられ、衛生管理者や産業医などと分担しながら機能します。条文上の要件（対,一定規模以上の事業場で選任が求められる役職で、安全と衛生の両面を「事業場全体としてまとめる」立場です。現場の細部まで一人で抱えるというより、管理体制の責任者として位置づけられ、衛生管理者や産業医などと分担しながら機能します。条文上の要件（対象事業場・資格・職務）を図にして整理すると、誰が何の責任を持つのかが頭に入りやすいです。,,,A,一定規模以上の事業場で選任が求められる役職で、安全と衛生の両面を「事業場全体としてまとめる」立場です。現場の細部まで一人で抱えるというより、管理体制の責任者として位置づけられ、衛生管理者や産業医などと分担しながら機能します。条文上の要件（対象事業場・資格・職務）を図にして整理すると、誰が何の責任を持つのかが頭に入りやすいです。,総括安全衛生管理者とは？選任要件・業種別人数・職務を整理【第二種衛生管理者試験】,一定規模以上の事業場で選任が求められる役職で、安全と衛生の両面を「事業場全体としてまとめる」立場です。現場の細部まで一人で抱えるというより、管理体制の責任者として位置づけられ、衛生管理者や産業医などと分担しながら機能します。条文上の要件（対象事業場・資格・職務）を図にして整理すると、誰が何の責任を持つのかが頭に入りやすいです。,一定規模以上の事業場で選任が求められる役職で、安全と衛生の両面を「事業場全体としてまとめる」立場です。現場の細部まで一人で抱えるというより、管理体制の責任者として位置づけられ、衛生管理者や産業医などと分担しながら機能します。条文上の要件（対象事業場・資格・職務）を図にして整理すると、誰が何の責任を持つのかが頭に入りやすいです。,,,,,,,,,,sokatsu-anzen-eisei-kanrisha
騒音の距離減衰,（読み未登録）,関係法令,第二種衛生管理者,騒音の距離減衰,騒音の距離減衰,,,A,騒音の距離減衰,騒音の距離減衰とは？逆二乗則と対策への活用を整理【第二種衛生管理者試験】,騒音の距離減衰,騒音の距離減衰,,,,,,,,,,sonn-kyori-gensui
騒音ばく露量（日量・週量）,（読み未登録）,関係法令,第二種衛生管理者,騒音ばく露量（日量・週量）,騒音ばく露量（日量・週量）,,,A,騒音ばく露量（日量・週量）,騒音ばく露量（日量・週量）とは？積算・管理への活用を整理【第二種衛生管理者試験】,騒音ばく露量（日量・週量）,騒音ばく露量（日量・週量）,,,,,,,,,,soonndo-bakuro-ryo
騒音の測定,（読み未登録）,労働衛生,第二種衛生管理者,作業場の騒音がどれくらいあるかを、決められた方法で数値化することです。測定点の高さや測定時間、評価量（どの値で判定するか）など、手順の細部が試験の論点になります。初学者は「A特性」「等価騒音レベル」など用語が多く感じるので、用語カードを少し,作業場の騒音がどれくらいあるかを、決められた方法で数値化することです。測定点の高さや測定時間、評価量（どの値で判定するか）など、手順の細部が試験の論点になります。初学者は「A特性」「等価騒音レベル」など用語が多く感じるので、用語カードを少しずつ増やすのがおすすめです。,,,A,作業場の騒音がどれくらいあるかを、決められた方法で数値化することです。測定点の高さや測定時間、評価量（どの値で判定するか）など、手順の細部が試験の論点になります。初学者は「A特性」「等価騒音レベル」など用語が多く感じるので、用語カードを少しずつ増やすのがおすすめです。,騒音の測定とは？測定点・測定高さ・評価量・85dB基準を整理【第二種衛生管理者試験】,作業場の騒音がどれくらいあるかを、決められた方法で数値化することです。測定点の高さや測定時間、評価量（どの値で判定するか）など、手順の細部が試験の論点になります。初学者は「A特性」「等価騒音レベル」など用語が多く感じるので、用語カードを少しずつ増やすのがおすすめです。,作業場の騒音がどれくらいあるかを、決められた方法で数値化することです。測定点の高さや測定時間、評価量（どの値で判定するか）など、手順の細部が試験の論点になります。初学者は「A特性」「等価騒音レベル」など用語が多く感じるので、用語カードを少しずつ増やすのがおすすめです。,,,,,,,,,,soonndo-sokutei
騒音性難聴,（読み未登録）,労働生理,第二種衛生管理者,長時間の騒音ばく露によって、内耳の感音器が傷み、聴こえにくくなる難聴です。進行はゆっくりで自覚が遅れがちなので、健康診断の聴力検査が重要になります。聴力図の典型的な形は試験範囲によって求められる深さが変わるので、公式テキストの図に合わせて学,長時間の騒音ばく露によって、内耳の感音器が傷み、聴こえにくくなる難聴です。進行はゆっくりで自覚が遅れがちなので、健康診断の聴力検査が重要になります。聴力図の典型的な形は試験範囲によって求められる深さが変わるので、公式テキストの図に合わせて学ぶのが確実です。,,,A,長時間の騒音ばく露によって、内耳の感音器が傷み、聴こえにくくなる難聴です。進行はゆっくりで自覚が遅れがちなので、健康診断の聴力検査が重要になります。聴力図の典型的な形は試験範囲によって求められる深さが変わるので、公式テキストの図に合わせて学ぶのが確実です。,騒音性難聴とは？原因・特徴・聴力図・予防を完全整理【第二種衛生管理者試験】,長時間の騒音ばく露によって、内耳の感音器が傷み、聴こえにくくなる難聴です。進行はゆっくりで自覚が遅れがちなので、健康診断の聴力検査が重要になります。聴力図の典型的な形は試験範囲によって求められる深さが変わるので、公式テキストの図に合わせて学ぶのが確実です。,長時間の騒音ばく露によって、内耳の感音器が傷み、聴こえにくくなる難聴です。進行はゆっくりで自覚が遅れがちなので、健康診断の聴力検査が重要になります。聴力図の典型的な形は試験範囲によって求められる深さが変わるので、公式テキストの図に合わせて学ぶのが確実です。,,,,,,,,,,soonnsei-nacho
相対湿度と熱中症,（読み未登録）,関係法令,第二種衛生管理者,相対湿度と熱中症,相対湿度と熱中症,,,A,相対湿度と熱中症,相対湿度と熱中症とは？発汗効率との関係を整理【第二種衛生管理者試験】,相対湿度と熱中症,相対湿度と熱中症,,,,,,,,,,sotsudo-necchuysho
送気マスク,（読み未登録）,労働衛生,第二種衛生管理者,ホース等で清浄な空気を送り、マスク内を正圧に保つ呼吸用保護具です。酸素欠乏作業などで重要です。,ホース等で清浄な空気を送り、マスク内を正圧に保つ呼吸用保護具です。酸素欠乏作業などで重要です。,,,A,ホース等で清浄な空気を送り、マスク内を正圧に保つ呼吸用保護具です。酸素欠乏作業などで重要です。,送気マスクとは？酸素欠乏・高濃度作業での使用【第二種衛生管理者試験】,ホース等で清浄な空気を送り、マスク内を正圧に保つ呼吸用保護具です。酸素欠乏作業などで重要です。,ホース等で清浄な空気を送り、マスク内を正圧に保つ呼吸用保護具です。酸素欠乏作業などで重要です。,,,,,,,,,,souki-masuk
騒音障害,（読み未登録）,労働生理,第二種衛生管理者,騒音ばく露による健康障害の総称です。測定・保護具・健診がセットで出ます。,騒音ばく露による健康障害の総称です。測定・保護具・健診がセットで出ます。,,,A,騒音ばく露による健康障害の総称です。測定・保護具・健診がセットで出ます。,騒音障害とは？騒音性難聴・予防対策【第二種衛生管理者試験】,騒音ばく露による健康障害の総称です。測定・保護具・健診がセットで出ます。,騒音ばく露による健康障害の総称です。測定・保護具・健診がセットで出ます。,,,,,,,,,,soun-shogai
ストレスチェック制度,（読み未登録）,関係法令,第二種衛生管理者,ストレスチェック制度,ストレスチェック制度,,,A,ストレスチェック制度,ストレスチェック制度とは？実施義務・頻度・高ストレス者の面接・記録を整理【第二種衛生管理者試験】,ストレスチェック制度,ストレスチェック制度,,,,,,,,,,stress-check
ストレッサー（温熱環境）,（読み未登録）,関係法令,第二種衛生管理者,ストレッサー（温熱環境）,ストレッサー（温熱環境）,,,A,ストレッサー（温熱環境）,ストレッサー（温熱環境）とは？WBGT・メタボリックレートとの関係を整理【第二種衛生管理者試験】,ストレッサー（温熱環境）,ストレッサー（温熱環境）,,,,,,,,,,stressor-onnetsu
立入禁止,（読み未登録）,関係法令,第二種衛生管理者,空気の状態が危険な場合に、作業者以外の立入を制限する措置です。標識・鍵の管理と関連します。,空気の状態が危険な場合に、作業者以外の立入を制限する措置です。標識・鍵の管理と関連します。,,,A,空気の状態が危険な場合に、作業者以外の立入を制限する措置です。標識・鍵の管理と関連します。,立入禁止とは？酸素欠乏・有害ガス作業の管理【第二種衛生管理者試験】,空気の状態が危険な場合に、作業者以外の立入を制限する措置です。標識・鍵の管理と関連します。,空気の状態が危険な場合に、作業者以外の立入を制限する措置です。標識・鍵の管理と関連します。,,,,,,,,,,tachiire-kinshi
体温調節,（読み未登録）,労働生理,第二種衛生管理者,人は体温をほぼ一定に保つよう、脳の体温調節中枢が産熱と放熱のバランスを整えています。暑い環境では発汗や皮膚血管の拡張で熱を逃がし、寒い環境では震えや血管収縮で熱を守ります。熱中症はこの仕組みが追いつかない状態なので、生理の基礎がわかると対策,人は体温をほぼ一定に保つよう、脳の体温調節中枢が産熱と放熱のバランスを整えています。暑い環境では発汗や皮膚血管の拡張で熱を逃がし、寒い環境では震えや血管収縮で熱を守ります。熱中症はこの仕組みが追いつかない状態なので、生理の基礎がわかると対策の「なぜ」が腹落ちします。,,,A,人は体温をほぼ一定に保つよう、脳の体温調節中枢が産熱と放熱のバランスを整えています。暑い環境では発汗や皮膚血管の拡張で熱を逃がし、寒い環境では震えや血管収縮で熱を守ります。熱中症はこの仕組みが追いつかない状態なので、生理の基礎がわかると対策の「なぜ」が腹落ちします。,体温調節とは？仕組み・産熱と放熱・熱中症との関係を整理【第二種衛生管理者試験】,人は体温をほぼ一定に保つよう、脳の体温調節中枢が産熱と放熱のバランスを整えています。暑い環境では発汗や皮膚血管の拡張で熱を逃がし、寒い環境では震えや血管収縮で熱を守ります。熱中症はこの仕組みが追いつかない状態なので、生理の基礎がわかると対策の「なぜ」が腹落ちします。,人は体温をほぼ一定に保つよう、脳の体温調節中枢が産熱と放熱のバランスを整えています。暑い環境では発汗や皮膚血管の拡張で熱を逃がし、寒い環境では震えや血管収縮で熱を守ります。熱中症はこの仕組みが追いつかない状態なので、生理の基礎がわかると対策の「なぜ」が腹落ちします。,,,,,,,,,,taion-chosetsu
代謝・蓄積・感作,（読み未登録）,労働生理,第二種衛生管理者,体内に入った化学物質は分解・排泄（代謝）されやすいものと、脂肪などにたまりやすいもの（蓄積）があります。感作は、一度触れると次からアレルギー様に過敏になる現象で、皮膚障害などと結びつきます。試験では用語の意味を説明できることがまず第一歩です,体内に入った化学物質は分解・排泄（代謝）されやすいものと、脂肪などにたまりやすいもの（蓄積）があります。感作は、一度触れると次からアレルギー様に過敏になる現象で、皮膚障害などと結びつきます。試験では用語の意味を説明できることがまず第一歩です。,,,A,体内に入った化学物質は分解・排泄（代謝）されやすいものと、脂肪などにたまりやすいもの（蓄積）があります。感作は、一度触れると次からアレルギー様に過敏になる現象で、皮膚障害などと結びつきます。試験では用語の意味を説明できることがまず第一歩です。,代謝・蓄積・感作とは？化学物質の体内動態を整理【第二種衛生管理者試験】,体内に入った化学物質は分解・排泄（代謝）されやすいものと、脂肪などにたまりやすいもの（蓄積）があります。感作は、一度触れると次からアレルギー様に過敏になる現象で、皮膚障害などと結びつきます。試験では用語の意味を説明できることがまず第一歩です。,体内に入った化学物質は分解・排泄（代謝）されやすいものと、脂肪などにたまりやすいもの（蓄積）があります。感作は、一度触れると次からアレルギー様に過敏になる現象で、皮膚障害などと結びつきます。試験では用語の意味を説明できることがまず第一歩です。,,,,,,,,,,taisha-chikuseki-kansa
手先振動,（読み未登録）,労働生理,第二種衛生管理者,振動工具などで手に伝わる振動です。振動障害の中心テーマです。,振動工具などで手に伝わる振動です。振動障害の中心テーマです。,,,A,振動工具などで手に伝わる振動です。振動障害の中心テーマです。,手先振動とは？振動工具・白ろう・レイノー【第二種衛生管理者試験】,振動工具などで手に伝わる振動です。振動障害の中心テーマです。,振動工具などで手に伝わる振動です。振動障害の中心テーマです。,,,,,,,,,,te-saki-shindo
定期健康診断・雇入時健康診断,（読み未登録）,関係法令,第二種衛生管理者,定期健康診断・雇入時健康診断,定期健康診断・雇入時健康診断,,,A,定期健康診断・雇入時健康診断,定期健康診断・雇入時健康診断とは？実施時期・項目・事後措置を整理【第二種衛生管理者試験】,定期健康診断・雇入時健康診断,定期健康診断・雇入時健康診断,,,,,,,,,,teiki-kenko-shindan
四アルキル鉛,（読み未登録）,労働生理,第二種衛生管理者,有機鉛化合物の代表例です。皮膚吸収などばく露経路の整理が重要です。,有機鉛化合物の代表例です。皮膚吸収などばく露経路の整理が重要です。,,,A,有機鉛化合物の代表例です。皮膚吸収などばく露経路の整理が重要です。,四アルキル鉛とは？鉛作業・皮膚吸収の注意【第二種衛生管理者試験】,有機鉛化合物の代表例です。皮膚吸収などばく露経路の整理が重要です。,有機鉛化合物の代表例です。皮膚吸収などばく露経路の整理が重要です。,,,,,,,,,,tetraalkyl-lead
ろ過捕集・固体捕集,（読み未登録）,関係法令,第二種衛生管理者,ろ過捕集・固体捕集,ろ過捕集・固体捕集,,,A,ろ過捕集・固体捕集,ろ過捕集・固体捕集とは？フィルターの選び方・粒径・測定方法を整理【第二種衛生管理者試験】,ろ過捕集・固体捕集,ろ過捕集・固体捕集,,,,,,,,,,toka-hoshu
等価線量・吸収線量,（読み未登録）,労働生理,第二種衛生管理者,放射線が物質（体の組織など）にどれだけエネルギーを預けたか、あるいは生物学的な重みづけをした量など、防護のための指標です。試験範囲に含まれる場合のみ深掘りが必要で、初学者は「何を表す語か」を短く言えるようにしてから、数値の単位へ進むと負担が,放射線が物質（体の組織など）にどれだけエネルギーを預けたか、あるいは生物学的な重みづけをした量など、防護のための指標です。試験範囲に含まれる場合のみ深掘りが必要で、初学者は「何を表す語か」を短く言えるようにしてから、数値の単位へ進むと負担が減ります。,,,A,放射線が物質（体の組織など）にどれだけエネルギーを預けたか、あるいは生物学的な重みづけをした量など、防護のための指標です。試験範囲に含まれる場合のみ深掘りが必要で、初学者は「何を表す語か」を短く言えるようにしてから、数値の単位へ進むと負担が減ります。,等価線量・吸収線量とは？放射線防護の物理量を整理【第二種衛生管理者試験】,放射線が物質（体の組織など）にどれだけエネルギーを預けたか、あるいは生物学的な重みづけをした量など、防護のための指標です。試験範囲に含まれる場合のみ深掘りが必要で、初学者は「何を表す語か」を短く言えるようにしてから、数値の単位へ進むと負担が減ります。,放射線が物質（体の組織など）にどれだけエネルギーを預けたか、あるいは生物学的な重みづけをした量など、防護のための指標です。試験範囲に含まれる場合のみ深掘りが必要で、初学者は「何を表す語か」を短く言えるようにしてから、数値の単位へ進むと負担が減ります。,,,,,,,,,,toka-nodo-kyushu-nodo
等価騒音レベル（LAeq）,（読み未登録）,関係法令,第二種衛生管理者,等価騒音レベル（LAeq）,等価騒音レベル（LAeq）,,,A,等価騒音レベル（LAeq）,等価騒音レベル（LAeq）とは？定義・計算の考え方・A特性を整理【第二種衛生管理者試験】,等価騒音レベル（LAeq）,等価騒音レベル（LAeq）,,,,,,,,,,toka-sonn-level
特別管理物質,（読み未登録）,関係法令,第二種衛生管理者,発がん性などが高く、最も厳しい管理が求められる化学物質の区分です。記録保存30年が代表例です。,発がん性などが高く、最も厳しい管理が求められる化学物質の区分です。記録保存30年が代表例です。,,,A,発がん性などが高く、最も厳しい管理が求められる化学物質の区分です。記録保存30年が代表例です。,特別管理物質とは？記録保存30年・作業環境管理【第二種衛生管理者試験】,発がん性などが高く、最も厳しい管理が求められる化学物質の区分です。記録保存30年が代表例です。,発がん性などが高く、最も厳しい管理が求められる化学物質の区分です。記録保存30年が代表例です。,,,,,,,,,,tokubetsu-kanri-busshitsu
特別教育,（読み未登録）,関係法令,第二種衛生管理者,特別教育,特別教育,,,A,特別教育,特別教育とは？対象作業・実施時期・記録保存を完全整理【第二種衛生管理者試験】,特別教育,特別教育,,,,,,,,,,tokubetsu-kyoiku
特殊健康診断,（読み未登録）,関係法令,第二種衛生管理者,有機溶剤、特定化学物質、鉛、じん肺、電離放射線など、特定の有害業務に従事する労働者を対象とする健康診断です。,有機溶剤、特定化学物質、鉛、じん肺、電離放射線など、特定の有害業務に従事する労働者を対象とする健康診断です。,,,A,有機溶剤、特定化学物質、鉛、じん肺、電離放射線など、特定の有害業務に従事する労働者を対象とする健康診断です。,特殊健康診断とは？対象・頻度・記録保存期間【第二種衛生管理者試験】,有機溶剤、特定化学物質、鉛、じん肺、電離放射線など、特定の有害業務に従事する労働者を対象とする健康診断です。,有機溶剤、特定化学物質、鉛、じん肺、電離放射線など、特定の有害業務に従事する労働者を対象とする健康診断です。,,,,,,,,,,tokushu-kenko-shindan
特定業務従事者の健康診断,（読み未登録）,関係法令,第二種衛生管理者,特定業務従事者の健康診断,特定業務従事者の健康診断,,,A,特定業務従事者の健康診断,特定業務従事者の健康診断とは？6ヶ月ごと・対象業務を整理【第二種衛生管理者試験】,特定業務従事者の健康診断,特定業務従事者の健康診断,,,,,,,,,,tokutei-gyo-mu-kenko-shindan
特定化学物質障害予防規則,（読み未登録）,関係法令,第二種衛生管理者,がんや重篤な疾患のおそれがあるなど、リスクの高い化学物質を対象に、作業環境の管理や健康診断、記録の保存などを定めた規則です。物質ごとに管理区分が異なり、局所排気・作業環境評価・作業主任者などの要件が組み合わさります。有機溶剤規則と似た「区分,がんや重篤な疾患のおそれがあるなど、リスクの高い化学物質を対象に、作業環境の管理や健康診断、記録の保存などを定めた規則です。物質ごとに管理区分が異なり、局所排気・作業環境評価・作業主任者などの要件が組み合わさります。有機溶剤規則と似た「区分で義務が変わる」構造ですが、対象が特定化学物質である点が違いなので、混同しないよう規則名で整理するとよいです。,,,A,がんや重篤な疾患のおそれがあるなど、リスクの高い化学物質を対象に、作業環境の管理や健康診断、記録の保存などを定めた規則です。物質ごとに管理区分が異なり、局所排気・作業環境評価・作業主任者などの要件が組み合わさります。有機溶剤規則と似た「区分で義務が変わる」構造ですが、対象が特定化学物質である点が違いなので、混同しないよう規則名で整理するとよいです。,特定化学物質障害予防規則とは？区分・義務・健診・記録を整理【第二種衛生管理者試験】,がんや重篤な疾患のおそれがあるなど、リスクの高い化学物質を対象に、作業環境の管理や健康診断、記録の保存などを定めた規則です。物質ごとに管理区分が異なり、局所排気・作業環境評価・作業主任者などの要件が組み合わさります。有機溶剤規則と似た「区分で義務が変わる」構造ですが、対象が特定化学物質である点が違いなので、混同しないよう規則名で整理するとよいです。,がんや重篤な疾患のおそれがあるなど、リスクの高い化学物質を対象に、作業環境の管理や健康診断、記録の保存などを定めた規則です。物質ごとに管理区分が異なり、局所排気・作業環境評価・作業主任者などの要件が組み合わさります。有機溶剤規則と似た「区分で義務が変わる」構造ですが、対象が特定化学物質である点が違いなので、混同しないよう規則名で整理するとよいです。,,,,,,,,,,tokutei-kagaku-busshitsu-shogai-yobo
特定化学物質作業主任者,（読み未登録）,関係法令,第二種衛生管理者,特定化学物質作業の現場を統括する作業主任者です。規則ごとの作業主任者と混同しないよう整理します。,特定化学物質作業の現場を統括する作業主任者です。規則ごとの作業主任者と混同しないよう整理します。,,,A,特定化学物質作業の現場を統括する作業主任者です。規則ごとの作業主任者と混同しないよう整理します。,特定化学物質作業主任者とは？選任・職務の整理【第二種衛生管理者試験】,特定化学物質作業の現場を統括する作業主任者です。規則ごとの作業主任者と混同しないよう整理します。,特定化学物質作業の現場を統括する作業主任者です。規則ごとの作業主任者と混同しないよう整理します。,,,,,,,,,,tokutei-kagaku-sagyo-shunin
特定化学物質作業,（読み未登録）,関係法令,第二種衛生管理者,特定化学物質を取り扱う作業です。物質ごとの管理区分が試験の中心です。,特定化学物質を取り扱う作業です。物質ごとの管理区分が試験の中心です。,,,A,特定化学物質を取り扱う作業です。物質ごとの管理区分が試験の中心です。,特定化学物質作業とは？規則・管理区分【第二種衛生管理者試験】,特定化学物質を取り扱う作業です。物質ごとの管理区分が試験の中心です。,特定化学物質を取り扱う作業です。物質ごとの管理区分が試験の中心です。,,,,,,,,,,tokutei-kagaku-sagyo
特定管理物質,（読み未登録）,関係法令,第二種衛生管理者,化学物質の中でも、より厳しい管理が求められる物質の区分です。記録保存期間が長いものがあります。,化学物質の中でも、より厳しい管理が求められる物質の区分です。記録保存期間が長いものがあります。,,,A,化学物質の中でも、より厳しい管理が求められる物質の区分です。記録保存期間が長いものがあります。,特定管理物質とは？特別管理物質との違い・健診記録【第二種衛生管理者試験】,化学物質の中でも、より厳しい管理が求められる物質の区分です。記録保存期間が長いものがあります。,化学物質の中でも、より厳しい管理が求められる物質の区分です。記録保存期間が長いものがあります。,,,,,,,,,,tokutei-kanri-busshitsu
トリクロロエチレン,（読み未登録）,労働生理,第二種衛生管理者,脱脂・洗浄などに用いられる有機溶剤です。中枢神経系への影響が試験で問われます。,脱脂・洗浄などに用いられる有機溶剤です。中枢神経系への影響が試験で問われます。,,,A,脱脂・洗浄などに用いられる有機溶剤です。中枢神経系への影響が試験で問われます。,トリクロロエチレンとは？有機溶剤・中枢神経系【第二種衛生管理者試験】,脱脂・洗浄などに用いられる有機溶剤です。中枢神経系への影響が試験で問われます。,脱脂・洗浄などに用いられる有機溶剤です。中枢神経系への影響が試験で問われます。,,,,,,,,,,trichloroethylene
WBGT,（読み未登録）,労働衛生,第二種衛生管理者,暑い環境で、人がどれだけ熱にさらされているかを表す指標です。気温だけでなく湿度や輻射熱（太陽や熱い機械からの熱）も考慮するので、体感に近い「総合的な暑さ」になります。現場では作業・休憩の配分や、熱中症対策の判断材料として使われます。試験では,暑い環境で、人がどれだけ熱にさらされているかを表す指標です。気温だけでなく湿度や輻射熱（太陽や熱い機械からの熱）も考慮するので、体感に近い「総合的な暑さ」になります。現場では作業・休憩の配分や、熱中症対策の判断材料として使われます。試験では「何を組み合わせて作る指標か」「何の管理に使うか」が典型問題です。,,,A,暑い環境で、人がどれだけ熱にさらされているかを表す指標です。気温だけでなく湿度や輻射熱（太陽や熱い機械からの熱）も考慮するので、体感に近い「総合的な暑さ」になります。現場では作業・休憩の配分や、熱中症対策の判断材料として使われます。試験では「何を組み合わせて作る指標か」「何の管理に使うか」が典型問題です。,WBGTとは？計算方法・熱中症対策・作業管理への活用を整理【第二種衛生管理者試験】,暑い環境で、人がどれだけ熱にさらされているかを表す指標です。気温だけでなく湿度や輻射熱（太陽や熱い機械からの熱）も考慮するので、体感に近い「総合的な暑さ」になります。現場では作業・休憩の配分や、熱中症対策の判断材料として使われます。試験では「何を組み合わせて作る指標か」「何の管理に使うか」が典型問題です。,暑い環境で、人がどれだけ熱にさらされているかを表す指標です。気温だけでなく湿度や輻射熱（太陽や熱い機械からの熱）も考慮するので、体感に近い「総合的な暑さ」になります。現場では作業・休憩の配分や、熱中症対策の判断材料として使われます。試験では「何を組み合わせて作る指標か」「何の管理に使うか」が典型問題です。,,,,,,,,,,wbgt
有害業務,（読み未登録）,関係法令,第二種衛生管理者,衛生管理者の区分や試験範囲を決めるうえで重要な概念です。,衛生管理者の区分や試験範囲を決めるうえで重要な概念です。,,,A,衛生管理者の区分や試験範囲を決めるうえで重要な概念です。,有害業務とは？第一種衛生管理者・試験範囲【第二種衛生管理者試験】,衛生管理者の区分や試験範囲を決めるうえで重要な概念です。,衛生管理者の区分や試験範囲を決めるうえで重要な概念です。,,,,,,,,,,yugai-gyomu
有機溶剤中毒予防規則,（読み未登録）,関係法令,第二種衛生管理者,有機溶剤を使う作業で、中毒などの健康障害を防ぐための規則です。溶剤の区分（特別有機溶剤等・第1種・第2種など）によって、局所排気装置、作業環境評価、作業主任者の選任などの義務が変わります。条文は厚いですが、入口は「区分の名称」と「その区分で,有機溶剤を使う作業で、中毒などの健康障害を防ぐための規則です。溶剤の区分（特別有機溶剤等・第1種・第2種など）によって、局所排気装置、作業環境評価、作業主任者の選任などの義務が変わります。条文は厚いですが、入口は「区分の名称」と「その区分で何が義務か」の対応表なので、表に落とすと得点源になりやすいです。,,,A,有機溶剤を使う作業で、中毒などの健康障害を防ぐための規則です。溶剤の区分（特別有機溶剤等・第1種・第2種など）によって、局所排気装置、作業環境評価、作業主任者の選任などの義務が変わります。条文は厚いですが、入口は「区分の名称」と「その区分で何が義務か」の対応表なので、表に落とすと得点源になりやすいです。,有機溶剤中毒予防規則とは？区分・義務・局所排気・作業主任者を整理【第二種衛生管理者試験】,有機溶剤を使う作業で、中毒などの健康障害を防ぐための規則です。溶剤の区分（特別有機溶剤等・第1種・第2種など）によって、局所排気装置、作業環境評価、作業主任者の選任などの義務が変わります。条文は厚いですが、入口は「区分の名称」と「その区分で何が義務か」の対応表なので、表に落とすと得点源になりやすいです。,有機溶剤を使う作業で、中毒などの健康障害を防ぐための規則です。溶剤の区分（特別有機溶剤等・第1種・第2種など）によって、局所排気装置、作業環境評価、作業主任者の選任などの義務が変わります。条文は厚いですが、入口は「区分の名称」と「その区分で何が義務か」の対応表なので、表に落とすと得点源になりやすいです。,,,,,,,,,,yuki-yozai-chudoku-yobo-kisoku
有機溶剤の脂溶性と中枢神経症状,（読み未登録）,関係法令,第二種衛生管理者,有機溶剤の脂溶性と中枢神経症状,有機溶剤の脂溶性と中枢神経症状,,,A,有機溶剤の脂溶性と中枢神経症状,有機溶剤の脂溶性と中枢神経症状とは？吸入経路・急性・慢性影響を整理【第二種衛生管理者試験】,有機溶剤の脂溶性と中枢神経症状,有機溶剤の脂溶性と中枢神経症状,,,,,,,,,,yuki-yozai-chushinkei
特別有機溶剤等・第1種・第2種有機溶剤等の区分,（読み未登録）,関係法令,第二種衛生管理者,特別有機溶剤等・第1種・第2種有機溶剤等の区分,特別有機溶剤等・第1種・第2種有機溶剤等の区分,,,A,特別有機溶剤等・第1種・第2種有機溶剤等の区分,特別有機溶剤等・第1種・第2種有機溶剤等の区分を完全整理【第二種衛生管理者試験】,特別有機溶剤等・第1種・第2種有機溶剤等の区分,特別有機溶剤等・第1種・第2種有機溶剤等の区分,,,,,,,,,,yuki-yozai-kubun
有機溶剤作業主任者,（読み未登録）,関係法令,第二種衛生管理者,有機溶剤作業を安全に行うため選任する作業主任者です。技能講習・選任作業とセットで問われます。,有機溶剤作業を安全に行うため選任する作業主任者です。技能講習・選任作業とセットで問われます。,,,A,有機溶剤作業を安全に行うため選任する作業主任者です。技能講習・選任作業とセットで問われます。,有機溶剤作業主任者とは？選任要件・職務【第二種衛生管理者試験】,有機溶剤作業を安全に行うため選任する作業主任者です。技能講習・選任作業とセットで問われます。,有機溶剤作業を安全に行うため選任する作業主任者です。技能講習・選任作業とセットで問われます。,,,,,,,,,,yuki-yozai-sagyo-shunin
有機溶剤作業,（読み未登録）,関係法令,第二種衛生管理者,有機溶剤を使用する作業全般を指します。規則の適用範囲の入口になります。,有機溶剤を使用する作業全般を指します。規則の適用範囲の入口になります。,,,A,有機溶剤を使用する作業全般を指します。規則の適用範囲の入口になります。,有機溶剤作業とは？規則の対象・作業主任者【第二種衛生管理者試験】,有機溶剤を使用する作業全般を指します。規則の適用範囲の入口になります。,有機溶剤を使用する作業全般を指します。規則の適用範囲の入口になります。,,,,,,,,,,yuki-yozai-sagyo
遊離けい酸粉じん,（読み未登録）,関係法令,第二種衛生管理者,遊離けい酸粉じん,遊離けい酸粉じん,,,A,遊離けい酸粉じん,遊離けい酸粉じんとは？じん肺リスク・管理・珪肺との関係を整理【第二種衛生管理者試験】,遊離けい酸粉じん,遊離けい酸粉じん,,,,,,,,,,yuri-keisan-funzin
全面換気・希釈換気,（読み未登録）,関係法令,第二種衛生管理者,全面換気・希釈換気,全面換気・希釈換気,,,A,全面換気・希釈換気,全面換気・希釈換気とは？局所排気との違い・必要換気量の考え方を整理【第二種衛生管理者試験】,全面換気・希釈換気,全面換気・希釈換気,,,,,,,,,,zenmenkaze
全身振動,（読み未登録）,労働生理,第二種衛生管理者,体全体に伝わる振動です。フォークリフト等の運転作業で問題になります。,体全体に伝わる振動です。フォークリフト等の運転作業で問題になります。,,,A,体全体に伝わる振動です。フォークリフト等の運転作業で問題になります。,全身振動とは？運搬車両・振動障害【第二種衛生管理者試験】,体全体に伝わる振動です。フォークリフト等の運転作業で問題になります。,体全体に伝わる振動です。フォークリフト等の運転作業で問題になります。,,,,,,,,,,zenshin-shindo
